id,price,year,odometer
7314278078,9988,2014,121259
7313594854,5500,2010,114988
7313219085,9500,2013,125000
7311830338,9988,2014,121259
7311365259,10888,2014,121259
7307029274,11500,2012,64000
7306472445,9800,2012,76117
7304888907,19900,2018,35823
7304871378,7500,2011,51000
7314677292,4200,2009,93000
7303262763,8000,2013,89800
7314883079,12500,2015,51752
7313952753,6500,2011,197000
7313355149,8000,2012,132423
7309767524,8495,2010,125082
7316597191,7499,2011,178000
7313516095,11480,2017,65955
7313264949,3500,2009,213159
7314675549,4200,2009,93000
7309344710,6150,2013,130200
7316526243,23995,2016,36699
7316497182,26995,2020,6837
7316497157,15495,2016,52399
7314180838,6200,2011,147000
7313965673,10999,2015,45000
7313068784,15999,2018,40385
7312984863,18995,2018,24663
7311068862,20999,2019,25120
7310556713,17999,2020,8908
7310163085,15495,2016,52399
7309995014,26995,2020,6837
7308492933,15999,2018,40385
7308070800,11250,2016,72000
7307518451,14999,2016,64000
7307507933,17999,2020,8908
7307462180,17900,2018,31556
7306965177,18995,2018,24663
7306420026,19900,2019,33874
7304378150,17999,2020,8908
7303326503,20999,2019,25120
7303326079,15999,2018,40385
7302766920,26995,2020,6837
7315180823,2900,2004,217000
7315180477,2900,2005,236000
7314660160,1600,2007,268212
7311437023,2995,2005,999999
7306288184,5995,2005,116000
7306286484,13995,2017,67000
7316881380,500,2016,76000
7316854456,12950,2010,77202
7316827997,11999,2016,94000
7316827662,14499,2014,90000
7316827053,8499,2012,115000
7316826718,7999,2011,133000
7316810060,500,2017,60000
7316806383,500,2016,47000
7316795069,13995,2014,46225
7316795010,9000,2015,100000
7316790811,15950,2014,106000
7316568752,6600,2013,93822
7316518666,14995,2016,73712
7316517501,14995,2013,52743
7316513477,13500,2017,63000
7316490163,500,2017,60000
7316440838,500,2015,76000
7316399226,500,2016,47000
7316373016,7900,2015,127000
7316312679,500,2015,76000
7316311531,500,2017,60000
7316299333,2000,2005,138000
7316290082,5400,2010,148000
7316197368,10900,2016,131321
7316183354,15950,2014,106000
7316066514,10800,2013,134000
7316000390,12500,2018,7200
7315928534,6599,2009,137556
7315861087,10000,2013,83683
7315845227,9900,2012,107000
7315812948,10950,2013,99373
7315806355,3750,2005,128000
7315747583,15950,2014,106000
7315730051,1999,2001,132000
7315577668,500,2013,140000
7315576750,500,2016,47000
7315560524,34999,2019,17995
7316564347,3500,2007,193000
7310955798,21968,2018,15551
7310489701,9450,2015,123227
7307924825,24513,2020,6513
7307471718,29993,2020,18874
7316522624,17736,2018,42012
7311425820,2995,2005,999999
7303671534,10494,2015,98352
7316894725,500,2013,123000
7311583475,3000,2006,277710
7316853379,11995,2017,50000
7315907680,4400,2008,152000
7315561660,5950,2009,120000
7315508737,6900,2017,76000
7315383095,4995,2006,123800
7315381511,5995,2009,123000
7315263180,17050,2014,31700
7315167051,13999,2015,96834
7314942821,8995,2014,73000
7314437576,5995,2007,88000
7314437177,12995,2015,66000
7314239686,8995,2017,89085
7314206601,12995,2016,93000
7314203665,12999,2014,95356
7314087398,29500,2019,22500
7314031369,16999,2013,67037
7313413283,10995,2015,87000
7313003466,9995,2013,86000
7312838655,4490,2004,81423
7312583757,5950,2009,120000
7312352865,5990,2014,156200
7312286688,3400,2002,169318
7311986038,8995,2013,95000
7311708121,11999,2014,95356
7311658128,14000,2015,49500
7311487517,9999,2017,74819
7311256774,8595,2016,145048
7311229001,14999,2015,96834
7311029270,10000,2015,97185
7310721953,12995,2015,81000
7316422163,5997,2009,120272
7306510197,11000,2018,74000
7316316146,1500,2004,295000
7316017732,6995,2013,116850
7315653630,8900,2016,97776
7315494220,6900,2008,154000
7314897620,650,2005,129834
7312780991,500,2007,17000
7311897792,500,2009,226896
7311085529,0,2007,170371
7310520176,5995,2008,124191
7307802986,9995,2012,111458
7307309827,4900,2008,1000
7303355441,0,2007,170000
7303125258,0,2010,164395
7302769175,4100,2008,154000
7311904880,0,2017,86847
7311518009,0,2019,18477
7309255408,6850,2012,171434
7316899972,12500,2015,131651
7316739509,9500,2015,134000
7315729970,10000,2013,65500
7313581739,17995,2017,48000
7308550767,6500,2010,93300
7307704732,3750,2008,168000
7306230828,20980,2017,61012
7305446590,0,2016,114169
7302677839,10995,2013,116000
7302158145,17250,2018,47000
7307698472,0,2018,131538
7307685070,0,2016,114169
7305363719,0,2015,149315
7316568765,5975,2011,149000
7316022155,6975,2014,128000
7315629109,9597,2014,145789
7315628996,9663,2016,106992
7315564377,0,2013,58572
7314925891,14998,2015,70417
7314494269,0,2017,66415
7312800860,9500,2012,114258
7312047427,4975,2010,167000
7310567199,19998,2018,90604
7308606676,8900,2012,129125
7308231058,8900,2012,114258
7308084412,8900,2012,114202
7306781814,5500,2015,126000
7306246485,7995,2014,136757
7306230084,10995,2016,103050
7305963607,6950,2012,113968
7302861397,9500,2012,114258
7315889187,7990,2012,134000
7310011393,7995,2007,102672
7309002315,8000,2012,64000
7307232013,26500,2019,1400
7304001766,9995,2011,125943
7316364225,15995,2015,75290
7316363269,14995,2015,52000
7316307166,7500,2010,149760
7316306710,6100,2009,169540
7316238697,14900,2015,104739
7316126519,0,2013,58572
7315887195,6900,2012,133000
7315626007,9597,2014,145789
7315625889,9663,2016,106992
7315617129,3450,2008,118000
7315406829,14900,2015,104379
7315330853,7500,2010,149760
7315317038,0,2017,66415
7315075330,6750,2012,116300
7315063258,0,2016,106575
7315036296,10950,2013,119207
7315036004,12450,2013,75217
7315034109,9950,2017,98588
7315033632,11950,2015,65821
7315033506,9950,2012,122691
7315033407,13950,2017,74486
7315033052,12450,2017,119264
7315030305,13750,2015,90422
7315029867,10450,2014,109242
7315029051,8950,2016,88870
7315028920,11450,2017,75526
7314477120,15995,2015,75290
7314472105,14995,2015,52000
7314369560,7700,2010,149760
7313484778,15995,2015,75290
7313468665,6200,2009,169540
7312929112,10950,2013,119207
7312928582,12450,2013,75217
7312858228,16500,2015,57020
7312445783,7900,2010,149760
7312322034,4500,2010,138805
7312315484,4500,2008,131627
7311416450,14999,2015,59747
7311100997,9995,2011,125943
7309347001,6300,2009,169540
7309345795,8250,2013,146044
7309343500,9950,2017,98588
7308935876,8950,2018,82170
7315977003,0,2016,106575
7315787878,4200,2007,160000
7313431458,0,2016,106575
7304280305,0,2016,112538
7302394843,0,2016,106575
7315781432,0,2013,58572
7315527007,0,2017,66415
7315026241,0,2013,58572
7304803980,8400,2014,114826
7310903950,0,2020,1247
7310895891,0,2017,28126
7308281080,0,2020,7413
7304183386,0,2020,2097
7303763461,18995,2014,49799
7303701357,0,2020,18648
7303672656,0,2020,3425
7303671458,0,2020,1247
7316825114,2500,2016,112793
7316592516,9000,2012,88205
7316566899,5975,2011,149000
7316002002,5800,2013,138464
7316001620,5800,2013,138464
7316001069,6600,2017,90505
7315916229,8795,2012,107000
7315875896,6975,2014,128000
7315538979,16000,2018,68400
7315420421,6700,2011,104100
7315060350,9140,2014,71500
7314994645,3990,2007,146000
7314136467,2500,2001,137200
7313997378,3800,2006,200000
7313974052,2400,2002,123188
7313558607,12900,2015,112996
7316845039,2495,2012,116806
7316844417,2495,2018,60785
7316571801,5975,2011,149000
7316570425,5975,2011,149000
7316569699,5975,2011,100000
7316538238,6975,2014,128000
7316402887,999,2012,87836
7316387016,13900,2014,80645
7316367984,4500,2007,120000
7316364621,6999,2017,76000
7316322380,2599,2018,60785
7316315771,9995,2012,116806
7316299796,8500,2012,138000
7316281998,2500,2012,110000
7316214294,6990,2012,85140
7316095197,6500,2013,155000
7316024515,6975,2014,128000
7316023586,6975,2014,128000
7315998970,3995,2007,127277
7315922540,5400,2009,101845
7315878598,5750,2012,146000
7315840218,3500,2008,180000
7315569096,5900,2012,111481
7315568204,13900,2014,80465
7315551601,11900,2017,68609
7311953694,0,2015,88208
7315843222,0,2017,122000
7305510929,3900,2008,200000
7304987560,12499,2016,92275
7304280787,0,2016,112538
7302769625,0,2017,122000
7316835078,12995,2012,22073
7316553887,5975,2009,84771
7316526211,6000,2013,192000
7316363610,10200,2016,107220
7316362346,13500,2017,46920
7316362014,16300,2017,71842
7315832801,0,2016,106575
7315352518,1550,2002,149833
7314669126,4500,2008,113076
7314652871,1550,2002,149833
7313523443,12000,2017,72000
7312899065,16300,2017,71842
7312898697,13500,2017,46920
7312898432,10200,2016,107220
7312551328,0,2016,112538
7310690080,19500,2019,14400
7310501904,10200,2016,107220
7310501286,13500,2017,46920
7310500973,16300,2017,71842
7310439281,6500,2014,144747
7309376444,1500,2003,110000
7308918266,8000,2015,130000
7308558156,6995,2011,89100
7308556595,9495,2012,68449
7308322090,0,2016,112538
7307878767,16300,2017,71842
7307878493,13500,2017,46920
7307878228,10200,2016,107220
7306275810,10200,2016,107220
7306275493,13500,2017,46920
7306274924,16300,2017,71842
7304965962,12499,2016,92275
7316031353,19999,2017,33776
7313196280,12500,2011,127251
7310985303,3595,2005,182340
7306308565,6900,2014,109000
7305781629,3595,2005,182340
7304947675,12499,2016,92275
7316794790,6750,2013,103000
7316587131,12900,2015,112996
7316571034,5975,2011,149000
7316500885,10900,2012,112000
7316438915,17500,2017,37133
7316212023,16000,2017,63000
7316025619,6975,2014,128000
7315943920,7400,2010,114456
7315911859,5500,2011,164740
7315632460,13500,2014,66333
7315285811,3990,2007,146000
7315182633,5999,2007,136000
7315182061,6999,2010,75000
7315180690,5500,2010,95000
7314874849,7900,2013,117258
7314860234,12250,2013,11500
7314466889,6250,2014,149000
7314027865,11995,2015,72394
7313198607,13500,2014,66333
7316844041,8995,2016,85331
7316572660,5975,2011,149000
7316539186,6975,2014,128000
7316331070,20900,2015,46200
7315565184,26500,2017,32000
7312962430,11995,2016,109241
7312062010,4975,2010,167000
7312010577,10995,2016,101766
7312008706,7995,2011,122709
7312006308,6995,2013,102495
7311714115,10500,2014,106197
7310188266,2800,2003,130000
7309923671,10995,2016,101766
7309921919,8995,2016,85331
7309914331,6995,2013,102495
7307783074,2800,2003,130000
7307265542,7995,2011,122709
7306125496,11900,2011,74900
7304237895,8500,2013,113000
7303858546,6995,2013,102495
7303718171,2800,2003,130000
7302911767,10995,2016,101766
7316798350,7995,2007,102672
7315890129,7990,2012,134000
7315205471,11515,2015,81171
7314589138,41000,2020,27300
7309900889,11515,2015,81171
7308915322,1200,2012,225000
7308330994,11515,2015,81171
7306909022,11515,2015,81171
7305936764,5400,2008,106500
7303363349,11515,2015,81171
7303229623,11515,2015,81171
7316614233,9000,2011,116020
7316191144,1850,2005,264000
7315296442,6950,2012,122000
7315295702,7450,2013,102300
7314586434,11995,2013,144967
7314188854,11200,2012,88000
7313984199,6799,2014,121924
7313678591,11500,2016,88000
7313525787,7900,2011,150963
7312102665,18995,2017,66373
7311987316,6950,2012,122000
7311986252,7450,2013,102300
7309562410,1200,2002,146000
7316911301,6999,2011,113000
7316856307,6315,2007,139347
7316817692,9498,2011,77571
7316719169,4999,2006,123929
7316607186,2000,2013,77447
7316602939,8999,2011,110000
7316590746,2700,2005,148000
7316569723,7900,2018,90000
7316526379,7499,2014,116000
7316526101,8999,2016,62000
7316524208,8999,2017,116000
7316523091,6999,2017,108000
7316007853,8995,2015,115399
7315889931,7990,2012,134000
7315874642,1500,2014,124000
7315832159,7500,2013,92500
7315799753,3500,2008,226886
7315589515,2900,2008,175000
7315775681,4200,2007,160000
7315594858,6500,2012,125500
7315587188,1500,2015,145006
7315518204,8995,2017,32000
7315483601,5900,2011,134079
7315409053,5599,2010,115497
7315403719,7600,2016,108222
7316915159,4150,2008,64100
7316867500,4250,2007,140000
7316844084,11000,2015,98000
7316574082,5975,2011,149000
7316559860,6975,2014,128000
7316547938,3600,2005,133452
7316518951,5695,2011,135000
7316495725,2650,2014,160000
7316445245,20500,2019,36363
7316253232,7400,2011,110000
7316205385,11500,2017,80537
7316192560,13299,2015,90817
7316086488,6950,2011,105000
7315961398,6990,2015,105586
7315750423,8000,2012,133645
7315637962,11272,2011,58000
7315565826,7300,2017,65123
7315431915,11500,2017,80537
7315380138,13995,2016,47292
7315380089,18495,2018,26771
7315380064,18495,2018,27847
7315377684,7495,2010,143000
7315374945,8495,2015,124000
7315170510,3450,2009,190000
7315108946,13990,2016,25000
7315108829,10990,2014,61000
7315108695,7990,2017,64000
7315108121,10990,2018,51000
7315065738,11988,2017,49304
7314928456,3490,2008,116000
7314902023,3990,2006,129000
7314840703,1,2003,106000
7314824579,6975,2011,105054
7315632357,9597,2014,145789
7315632240,9663,2016,106992
7315178009,8990,2008,101200
7314650537,11500,2016,40900
7314567779,6300,2013,127000
7313665348,6250,2008,141050
7310222435,13000,2015,69000
7316573374,5975,2011,149000
7316541792,6975,2014,128000
7316253492,5900,2006,199000
7316106076,9900,2017,100200
7312059942,4975,2010,167000
7316542765,9500,2010,97500
7315638247,9597,2014,145789
7315638141,9663,2016,106992
7310315963,5500,2008,101000
7316501692,11995,2017,153660
7316493827,14250,2016,40961
7316432683,26500,2019,10832
7316406216,11499,2013,82000
7316393993,2900,2003,112000
7316362682,3999,2004,140048
7316298635,3500,2013,68464
7316233036,4250,2009,170000
7316197353,11500,2016,56000
7316085750,6995,2016,148000
7316055209,7999,2009,135000
7316047262,2200,2008,187156
7316845144,9995,2011,123369
7316928168,2900,2008,232444
7316835300,12995,2012,22073
7315979083,4000,2008,168000
7315892293,7990,2012,134000
7315318645,10977,2018,123535
7313568733,12000,2016,86000
7313495943,7500,2013,76500
7312990435,11900,2015,80000
7311435834,8950,2013,84000
7311126363,13977,2014,97310
7309310455,11900,2015,80000
7308321629,0,2016,112538
7308053369,12977,2016,125763
7307487301,14977,2016,110197
7305982171,31977,2020,4444
7316574732,5975,2011,149000
7316561094,6975,2014,128000
7312064816,4975,2010,167000
7311407015,4740,2005,157000
7309075369,3500,2006,176000
7309057347,16900,2017,35000
7308244129,8500,2012,91000
7304744107,8988,2013,83311
7304743364,7772,2014,122184
7302934254,9100,2012,106210
7315927023,0,2017,66415
7315635456,9597,2014,145789
7315635347,9663,2016,106992
7315368075,13995,2016,102271
7314583671,0,2013,58572
7307866654,4500,2013,108000
7307809685,9995,2011,117160
7302858257,9995,2014,87397
7302405330,28900,2018,23381
7316388712,7995,2007,102672
7315225614,10399,2014,66500
7311788452,10399,2014,66500
7311152042,10399,2014,66500
7306018749,4450,2011,123821
7314601596,14999,2014,135696
7314596404,8249,2016,62463
7314568168,15749,2017,21405
7314567099,16499,2016,37481
7314106513,6500,2012,85000
7313961416,7999,2013,66894
7313410201,8999,2013,81456
7312858129,8000,2013,125000
7311696420,16995,2017,67395
7311672004,10999,2014,146358
7311365547,8400,2011,160000
7310091555,7995,2012,123609
7308583218,3995,2010,167000
7307946813,5995,2009,136958
7306414246,10999,2014,105196
7305321297,11000,2018,64000
7304421653,5995,2009,136958
7316402460,9000,2017,34652
7316306431,8495,2014,151033
7316299637,5800,2011,99471
7316115625,9500,2013,129190
7316045262,2800,2003,168750
7316034565,6950,2012,48000
7315894712,4300,2010,149805
7315491426,2700,2009,129000
7315395982,4850,2008,130000
7315247084,4995,2006,105000
7315161937,6000,2012,79232
7315099799,3988,2007,99855
7315092913,4500,2006,145000
7311694951,8000,2012,91230
7306836722,14000,2016,76000
7306798397,10999,2014,129170
7306777533,7999,2013,110090
7306697389,14499,2014,59880
7304243448,6000,2008,133000
7315767415,3500,2010,147000
7313531108,1000,2014,93208
7307855416,7499,2009,92246
7305630124,7499,2009,92246
7315020312,19000,2018,49950
7306313424,8250,2017,117442
7304556272,4000,2006,160845
7304334481,10450,2013,129220
7303742303,8747,2014,112802
7315781596,2699,2010,165000
7314712794,3900,2011,175000
7314525928,2800,2006,113000
7310246897,7495,2009,163000
7305129785,9500,2013,61500
7303088208,2990,2009,128000
7303063554,2995,2009,127000
7316254872,8495,2012,46453
7316251298,11995,2017,87839
7316165365,7500,2014,126000
7314094821,5995,2005,106229
7313250256,7900,2015,77000
7313152371,6995,2013,159850
7311961381,17500,2018,27050
7311816818,2900,2007,200000
7311770900,6995,2013,159850
7311169162,6995,2013,159850
7310982993,9800,2011,124000
7310954228,1000,2019,28000
7310609029,6995,2013,159850
7310247471,7495,2009,163000
7307162459,1000,2017,28000
7305865724,6995,2013,159850
7304712401,2500,2004,95179
7302545318,1000,2017,28000
7316941950,4495,2012,135000
7316787964,8795,2014,96000
7316594604,4500,2007,213000
7316255070,8495,2012,46453
7316103638,6000,2007,73500
7310926055,1000,2018,28000
7310867925,11995,2017,87839
7310409722,13995,2013,90384
7310360202,6995,2013,123527
7307806074,6100,2013,109900
7307743698,8795,2014,96000
7307209382,6500,2007,73500
7307163378,1000,2017,28000
7306949086,3300,2005,135
7304222175,7500,2011,176000
7303041446,4495,2012,135000
7302551280,1000,2017,28000
7316938583,8995,2011,104827
7316890021,11000,2017,58514
7316623408,5750,2012,93000
7316324133,10844,2016,70179
7315952913,5599,2005,102000
7315549380,10995,2011,73511
7315512110,7821,2013,128168
7315508308,8977,2017,63281
7315350932,6300,2013,100000
7315013985,2500,2013,267000
7315002452,8950,2015,38000
7314638998,8900,2010,83888
7314601232,5950,2012,93000
7314596806,7950,2015,96000
7314594261,8750,2017,109000
7314493788,3300,2010,187429
7314493067,3300,2010,187429
7314492640,3300,2010,187429
7314491872,3300,2010,187429
7314491287,3300,2010,187429
7314487779,3300,2010,187429
7314075420,5700,2007,136000
7313869049,4999,2005,114000
7313780704,5600,2009,102000
7313571543,4500,2003,166000
7313018746,7490,2009,83000
7316645868,15800,2016,65765
7314622804,8500,2010,77309
7309987381,9990,2011,149000
7307978740,9990,2011,149000
7306901444,7500,2011,95000
7304231324,6400,2014,80123
7316473800,13900,2016,144068
7315292740,0,2012,139000
7314953721,6900,2014,72050
7314742644,5500,2012,163431
7313844304,4995,2005,61035
7313793627,1895,2012,85167
7313512965,14700,2016,9533
7312835292,12999,2011,79083
7312062690,0,2013,110000
7312035814,10995,2013,68380
7310987386,10500,2012,111000
7307241155,9395,2012,151731
7306857571,0,2016,100000
7306626905,9395,2012,151731
7306377232,3999,2000,78526
7306357576,10999,2006,69340
7306072224,23380,2015,26314
7305852544,9395,2012,151731
7304283638,4300,2005,130000
7303236319,0,2013,110000
7302518936,5999,2011,154199
7302322441,25995,2018,11514
7302320501,15995,2018,21238
7315207595,13995,2017,63633
7310220695,13995,2017,63633
7304571620,13995,2017,63633
7316621304,8500,2011,113721
7315301397,5900,2010,113683
7314858617,5395,2014,180101
7313513120,14700,2016,9533
7313409771,10950,2014,115450
7312932108,5600,2008,128635
7312274980,17000,2017,70000
7312272982,13000,2017,105000
7311070105,9990,2015,85386
7309834363,15998,2014,49721
7307143977,21995,2015,42014
7307133763,15995,2014,66512
7306822318,18749,2016,35947
7308260612,7800,2011,85049
7308260596,8800,2015,101868
7308260600,5900,2008,110205
7306140165,5900,2008,110205
7306140151,7800,2011,85049
7306140152,8800,2015,101868
7304206109,5900,2008,110205
7304206102,8800,2015,101868
7302068655,4900,2008,111771
7313513016,14700,2016,9533
7316910250,1,2013,92292
7316798504,10495,2015,90000
7315122379,7300,2009,132704
7314081663,10495,2015,90000
7313362887,0,2015,100000
7312498584,12000,2013,70550
7312324817,9900,2013,101500
7311834874,4000,2004,49511
7311356958,0,2015,118000
7310839430,5900,2009,90804
7310788356,22988,2018,26500
7308260799,7800,2011,85049
7308260754,5900,2008,110205
7308260755,8800,2015,101868
7307147815,0,2015,118000
7306699417,0,2013,106000
7306242909,3999,2008,174000
7306141062,5900,2008,110205
7306141064,7800,2011,85049
7306141057,8800,2015,101868
7314339416,15990,2012,76605
7314126541,1500,2005,140000
7312785562,0,2015,124600
7305929157,85,2013,116575
7305627043,85,2012,124047
7302524786,85,2015,123546
7302058742,0,2016,117400
7316711680,12999,2015,96998
7316626128,7,2012,119280
7316148184,12999,2015,78554
7314620134,3200,2008,211360
7314508382,11999,2017,113593
7314334221,16999,2017,71910
7313774878,0,2009,105148
7313513204,14700,2016,9533
7311821111,0,2011,124688
7311552357,12999,2014,119783
7311497526,11999,2017,94503
7311036798,9899,2012,124821
7310877000,11999,2014,109221
7310778405,8999,2012,113499
7309949109,7999,2010,99274
7309889400,17999,2015,81195
7309809763,8995,2013,150211
7309237117,3500,2009,150000
7307724667,16999,2016,81713
7307724311,0,2009,105148
7307426094,12999,2011,98854
7307344952,16900,2018,33135
7307201290,13999,2015,94383
7306119588,0,2011,124688
7303650601,5990,2008,313700
7302125325,11999,2012,100520
7314572283,4990,2009,240000
7313515615,11480,2017,65955
7313338827,10300,2016,124000
7313295566,6900,2013,138000
7305844280,10495,2012,83946
7302693630,10495,2014,77793
7302162142,13900,2019,31286
7316713764,12999,2015,96998
7316656448,6990,2009,134063
7316403384,7898,2017,62327
7316399423,7698,2018,143178
7316213526,1850,2007,150872
7316149934,12999,2015,78554
7315761584,6499,2007,46000
7315662297,6500,2010,109123
7315510897,11950,2013,110000
7315244393,0,2008,88102
7315121117,3900,2011,131822
7314977263,3999,2008,98703
7314577619,11999,2013,113593
7314336132,16999,2017,71910
7314261715,1850,2007,150872
7314188674,3200,2008,211360
7313513060,14700,2014,9533
7313354808,0,2010,181000
7312911833,7898,2017,62327
7312908246,7698,2018,143178
7311995544,10500,2014,94000
7311913072,6495,2009,121619
7311912103,9295,2013,101853
7311816814,9890,2013,108664
7311554632,12999,2014,119783
7312312341,10300,2017,66000
7303608631,6990,2012,96640
7316880470,1200,2007,207468
7315545827,6500,2013,124000
7313517668,11480,2017,65955
7310890860,15995,2014,38412
7302101237,6650,2010,90129
7314490384,12900,2017,64000
7314346876,15990,2012,76605
7313988159,3850,2007,104500
7313069765,2500,2010,153000
7313049790,8900,2009,108000
7310633369,2000,2007,238050
7308982153,15000,2017,86000
7307461229,8895,2013,76000
7305417934,2181,2003,168000
7304196648,4900,2008,100000
7316889589,3500,2012,242989
7316823502,5991,2011,138880
7316820363,6591,2014,145909
7316818588,4991,2013,151068
7316741955,1500,2017,75000
7316462149,4689,2007,107638
7316456975,5590,2011,102838
7316238945,1500,2019,50242
7316184657,12900,2020,136
7316143713,6800,2015,76000
7315735880,8000,2017,60000
7315699360,7200,2013,102750
7315312189,16000,2016,57300
7315184472,3290,2008,161000
7315065684,1500,2016,80286
7315056996,1500,2016,44492
7315046596,2500,2018,16543
7315009501,4995,2012,102837
7315006694,5995,2013,136840
7314865074,5500,2013,100000
7314856963,6800,2013,83650
7314782515,3800,2011,137000
7314593888,6495,2007,62700
7314469030,3999,2007,134000
7314464227,8900,2015,111000
7314449010,5991,2011,138880
7314446443,4995,2012,102837
7314444216,6591,2014,145909
7314442536,4991,2013,151068
7314439714,5995,2013,136840
7314389012,3000,2017,16201
7316697625,3995,2007,129400
7315256486,12950,2015,104000
7314430246,6995,2010,54161
7312736575,7950,2011,77000
7312651682,3490,2013,183000
7312646895,3490,2009,141000
7311573956,0,2013,78000
7311241091,12900,2014,63000
7311081216,8488,2008,70816
7310440384,13888,2017,54484
7310123559,7950,2011,77000
7309065959,2390,2007,158000
7308293961,14450,2013,71000
7307978328,0,2013,78000
7304389637,0,2013,78000
7303464222,9950,2016,105877
7303464138,11380,2015,70190
7314997106,7492,2013,101272
7314798806,3995,2010,148843
7313274321,2600,2008,148000
7312624779,2500,2006,218000
7311524451,2800,2008,148000
7310825144,2995,2008,155082
7310810246,3495,2005,176236
7307297504,2200,2010,214644
7306644719,2995,2008,289499
7304365682,3995,2010,148843
7304138613,3995,2010,228771
7316747899,4500,2008,97000
7316723452,14627,2016,57499
7316715661,12999,2015,96998
7316563247,15000,2015,51100
7316457900,6995,2010,126100
7316412584,4800,2004,46000
7316334342,8950,2011,118000
7316151568,12999,2015,78554
7316132242,11900,2014,69998
7316062874,4999,2008,119977
7315909672,4000,2003,200000
7315629351,5200,2008,119861
7315466163,4200,2008,159000
7315404260,9999,2011,64500
7315392367,2800,2006,133000
7315256254,14800,2015,25280
7315108091,18500,2020,22400
7314909176,4950,2006,112000
7314731714,3988,2008,129141
7314688177,8900,2014,45000
7314579531,11999,2013,113593
7314519594,8595,2011,155566
7314337914,16999,2017,71910
7314046078,15990,2012,76605
7313983973,8400,2011,148100
7313957601,5500,2007,150000
7313558452,2975,2003,106000
7313513258,14700,2016,9533
7313428085,7595,2015,90937
7313406807,5500,2013,85000
7313365889,3300,2008,178000
7313028389,8950,2011,118000
7312992671,4000,2003,200000
7314323650,6999,2013,139875
7313512916,14700,2016,9533
7312780291,14900,2016,9533
7310291573,9989,2013,77204
7309174423,7499,2014,116291
7306947025,10990,2014,67622
7306943458,8850,2014,53913
7305886433,9500,2013,600
7304397861,6999,2013,139875
7303206082,9500,2014,128642
7302436519,6850,2015,105346
7312549205,9200,2016,130973
7307631179,2500,2008,140000
7316821572,7995,2013,112300
7316718672,14995,2016,98000
7316674589,9899,2013,143429
7316667518,8999,2015,162856
7316624009,4900,2011,150000
7316623895,3900,2011,140000
7316504361,5900,2009,187193
7315649866,11500,2011,83433
7315645673,12500,2011,83433
7315453083,4800,2009,167500
7315246842,11000,2016,104863
7315246573,11000,2015,125327
7315208000,3900,2011,140000
7315207868,4900,2011,150000
7314799507,2650,2005,215000
7314792276,10000,2014,123333
7314518485,4800,2012,14300
7314236804,4900,2011,150000
7314236172,3900,2011,140000
7316903172,7795,2010,121500
7314558072,10500,2010,76300
7309356869,12900,2014,180946
7311205419,11000,2015,95538
7309231661,13400,2015,120879
7315086107,4800,2001,191000
7313788289,2200,2007,226000
7313750618,14000,2015,87740
7316431763,19995,2018,14147
7316375466,24444,2019,5925
7316369873,20995,2020,18066
7316368293,28888,2018,13756
7316367799,17995,2017,59676
7315709908,8800,2011,33090
7315524640,18995,2018,12310
7315524623,19995,2018,14147
7315169884,17000,2017,32000
7315148621,13000,2015,65000
7315036198,21000,2018,30300
7314667868,13488,2015,49344
7314632103,20800,2018,20400
7314519942,24444,2019,5925
7314518967,20995,2020,18066
7314518364,28888,2018,13756
7314517932,17995,2017,59676
7314102699,11995,2013,109288
7314005157,1999,2013,75594
7313936494,9800,2013,100000
7313869787,1000,2005,72000
7313697475,15995,2017,43321
7313569742,17333,2017,42149
7313567623,24444,2019,5925
7313565933,20995,2020,18066
7313564621,28888,2018,13756
7313563488,14500,2017,36898
7316930658,19750,2018,25400
7316906863,11550,2014,99645
7316782064,190,2011,110991
7316777136,200,2016,88282
7316776766,200,2016,88282
7316776474,2000,2004,171000
7316621337,2500,2003,130000
7316528866,190,2011,110991
7316525498,200,2016,88282
7316525372,200,2016,88282
7316481558,3900,2006,53800
7316323878,190,2011,110991
7316314243,17936,2016,69400
7316310421,200,2016,88282
7315390843,190,2011,110991
7315383673,200,2016,88282
7315122479,190,2011,110991
7314944068,215,2017,60000
7314943643,200,2016,88282
7314546135,200,2016,88282
7314423342,4295,2007,136756
7314392088,6995,2011,112938
7314391617,6295,2008,107818
7314364330,5295,2007,123844
7314322010,13995,2016,20897
7313399127,195,2011,128238
7313395084,200,2016,88282
7313391955,215,2017,60000
7313168814,3500,2002,150721
7313060625,55000,2021,6700
7313028560,195,2011,128238
7313027476,200,2016,88282
7313027119,215,2017,60000
7315455750,0,2012,106925
7313690590,8900,2016,70000
7312058487,23495,2018,16099
7311994797,15495,2015,74468
7311992114,12995,2016,55035
7311991566,12995,2018,107328
7309663721,5200,2009,30000
7308477758,13753,2015,78448
7306383400,7848,2013,100000
7316723541,23498,2017,67349
7315928490,2500,2005,112899
7313614523,10995,2011,118232
7313194883,5000,2008,113605
7311704448,5595,2007,104497
7303585195,4895,2007,180000
7316750315,9750,2016,82235
7316744844,8490,2013,52626
7316743638,13860,2012,119668
7316480499,20500,2016,24200
7316397720,9995,2013,76884
7316397319,8995,2011,169096
7315913450,10000,2017,105000
7315316714,9750,2016,82235
7315129656,5990,2006,138000
7315027146,9800,2016,82235
7314999783,8490,2013,52626
7314999032,13860,2012,119668
7314950348,9995,2013,76884
7314949948,8995,2011,169096
7314013720,6200,2012,98740
7313444283,8995,2011,169096
7311719516,14588,2015,65444
7306979384,14588,2015,65444
7308456871,3499,2007,61000
7306535757,3550,2006,156927
7302329220,2650,2005,79800
7316964363,7700,2015,87000
7316363057,30000,2018,32475
7316307325,2790,2004,152530
7316198637,3995,2006,71149
7316053163,3795,2007,100021
7316040553,7000,2013,102000
7315808501,16900,2018,58950
7315619233,5500,2011,116142
7315404499,3600,2007,168000
7315368695,4900,2012,150000
7314732537,2950,2004,101000
7314169282,10000,2012,128000
7313152032,5999,2011,162000
7309242258,4950,2007,130889
7314098864,3500,2010,151444
7311330833,0,2014,152688
7310943930,9995,2013,106417
7310940814,11995,2013,88454
7310939771,16995,2016,76591
7310939452,17995,2017,68591
7310936313,15995,2019,49237
7310933573,11995,2014,59882
7310931608,15995,2015,85179
7310931303,13995,2015,68676
7309243372,4950,2007,130889
7308813282,5975,2013,87501
7308401359,4475,2005,115098
7308222485,0,2013,91115
7305372800,4400,2011,155000
7303061365,2850,2008,122000
7316409799,12495,2013,124906
7315125006,4600,2011,53683
7316905521,9999,2016,87549
7316535526,8950,2013,126017
7316325802,6777,2011,136390
7316323797,8888,2013,142310
7316268235,2700,2004,165123
7315899326,3750,2009,114000
7315768322,8795,2010,96833
7315534131,7000,2012,89769
7315526074,18799,2014,35000
7315360163,6850,2010,92343
7314896190,2500,2013,198000
7314466205,7500,2015,130000
7314455741,4500,2009,169798
7313977916,12000,2011,195000
7313852243,9995,2017,114000
7313849839,7695,2012,108000
7313562616,7950,2012,124000
7312638536,3750,2009,114000
7312066426,7950,2003,106518
7311854133,3500,2007,186670
7311623885,9995,2013,98000
7311485617,7500,2015,65000
7310431234,20950,2015,30827
7310327747,9995,2017,114000
7310324011,7695,2012,108000
7309938264,5950,2008,78000
7301998110,3950,2009,154100
7315526062,4500,2014,150000
7315344660,10995,2013,62893
7314402950,11995,2017,78536
7314140687,3500,2008,202500
7313485229,10900,2013,73000
7312807683,5250,2009,97751
7311833868,12000,2013,114000
7311413011,5995,2010,135144
7310892987,5995,2007,139652
7310889037,7995,2011,130000
7309432406,4995,2007,159015
7308488702,2995,2007,164000
7303301059,5000,2010,141000
7316701801,1000,2005,145000
7316417990,5995,2012,160000
7316140271,199,2014,63212
7315937533,7900,2011,105000
7315428899,5500,2011,183000
7315381578,13490,2012,62832
7314657931,18000,2017,77770
7314054433,8500,2011,123000
7312515645,7500,2011,93000
7311851526,199,2012,93300
7311612584,11600,2016,97810
7310965104,12875,2019,43568
7310538786,16872,2015,58754
7309259593,11500,2013,93660
7308400907,3750,2007,87000
7308344600,7990,2012,107706
7306742935,5500,2012,99000
7303736374,199,2014,65200
7316875365,23000,2017,24500
7315883336,4985,2010,170451
7314544422,15895,2016,48483
7313916024,7400,2014,107976
7313915852,10800,2017,54696
7312617097,9000,2013,91000
7311422410,5995,2010,135144
7310889445,7995,2011,130000
7310283609,15800,2019,8047
7309434984,4995,2007,159015
7309207113,10800,2017,54696
7308917432,9299,2017,64960
7308784658,5700,2010,137303
7308229362,10800,2017,54696
7307132023,12400,2017,65720
7304802647,15895,2019,35599
7304763214,10800,2017,54696
7303584893,4985,2010,170451
7303054525,12400,2017,65720
7303054356,15800,2019,8047
7302974962,2700,2003,220000
7302783636,10800,2017,54696
7314024545,7700,2011,171000
7305601507,19900,2021,351
7304497177,7700,2011,170000
7311594845,7995,2012,126256
7311294969,6495,2012,94450
7307161269,4500,2007,178123
7306649561,4500,2007,106403
7305602757,19900,2021,351
7302490738,6495,2010,55986
7302013363,7995,2013,93629
7316161457,8150,2016,75000
7316159550,7450,2016,94000
7315580570,13000,2017,70000
7314679837,3900,2006,188345
7314287576,7950,2015,65000
7311139519,1900,2007,160000
7310488138,0,2015,99564
7306914918,0,2018,24739
7305602452,19900,2021,351
7304821919,5200,2013,182000
7304535297,9495,2011,136700
7304199985,5900,2013,94000
7308293158,6000,2008,78620
7302013449,7995,2013,93629
7301913299,13850,2018,20000
7305602029,19900,2021,351
7303234142,10199,2017,65557
7305603402,19900,2021,351
7302013456,7995,2013,93629
7316747875,7950,2015,65000
7316739134,9950,2015,87000
7315454543,3599,2011,175809
7315279082,11985,2013,67000
7315278222,6950,2011,129000
7315277344,9950,2009,90000
7315277347,14985,2014,101000
7315276694,8975,2010,146000
7315275260,13950,2015,61000
7315274383,7885,2007,145000
7315265460,14999,2017,53993
7314862501,14495,2015,76413
7314800040,7490,2015,113000
7314799758,7490,2016,78000
7314282095,10999,2013,76426
7313593938,15490,2017,30000
7312944555,2500,2012,151136
7311581460,2799,2007,155761
7311310320,11999,2017,59000
7310876056,7490,2015,113000
7310875656,7490,2016,78000
7310414144,10500,2016,55205
7309916659,15490,2017,30000
7308326905,12995,2015,65160
7307028833,27500,2020,10400
7309009850,21000,2020,2500
7305603094,19900,2021,351
7304209769,5900,2013,94000
7302013451,7995,2013,93629
7316956900,3750,2009,165000
7316795203,0,2019,74200
7316707349,11950,2013,140000
7316672994,9900,2012,80500
7316081955,8250,2012,153132
7316081728,11950,2016,149657
7316080892,9250,2016,115312
7316080775,8750,2013,110312
7316080109,10950,2013,119523
7315286840,12995,2015,74000
7314295747,7950,2011,174461
7313801888,3950,2007,158112
7313798384,3450,2010,163110
7313469377,3950,2005,154100
7313073848,5500,2009,113907
7313013999,5950,2010,112500
7312908670,0,2018,93900
7312905486,0,2018,65900
7312904195,0,2020,19500
7311543268,6980,2009,113733
7311540870,13980,2015,86433
7311536859,9980,2011,91924
7311420432,6975,2009,145000
7311354161,8450,2017,79112
7316501584,13300,2012,100000
7314278737,1800,2010,100000
7314645382,0,2010,164700
7312620709,0,2010,164700
7311727575,0,2010,164700
7307296866,18200,2020,25743
7310028852,20980,2017,61180
7306736252,19995,2018,37325
7315300565,11495,2017,62155
7315170506,14995,2019,30633
7313916835,0,2018,99425
7312897542,0,2017,85269
7312870131,3995,2007,164000
7311205670,6250,2013,113000
7309859486,9500,2013,143400
7309806008,7500,2018,50032
7307926701,20980,2017,61119
7307301942,18200,2020,25743
7304067124,29500,2020,403
7303090545,0,2018,94423
7303001299,5995,2012,131569
7303000838,14995,2019,30633
7312035263,4850,2009,164998
7302082865,16900,2017,53000
7315451733,12900,2014,111800
7313489778,15939,2018,71725
7313489652,13899,2016,84817
7313489388,13899,2015,117269
7313175129,15700,2011,80400
7315470007,12900,2014,111800
7312550825,7200,2012,152000
7316930038,0,2008,187290
7315463551,12900,2014,111800
7310473831,5706,2008,184281
7308153965,6000,2013,130000
7304404117,6900,2011,127153
7303139940,6500,2012,190000
7302089250,16900,2017,53000
7316847614,7000,2016,54000
7316606108,6950,2008,126634
7316259313,7995,2014,81860
7316211993,6950,2008,126634
7315807472,6950,2008,126634
7314788609,6950,2008,126634
7314380906,4995,2010,171988
7313689178,6950,2008,126634
7312751594,12995,2015,54899
7311900505,4995,2009,125000
7311881159,9995,2015,132000
7311380870,4995,2010,171988
7310458820,12995,2015,54899
7310134740,5500,2012,149000
7308111651,7900,2017,26000
7307652899,4995,2010,171988
7307520872,5500,2010,187765
7307512795,4999,2010,144622
7306075098,12995,2015,54899
7305731661,8200,2017,26000
7304501740,16800,2016,14900
7303336227,4995,2010,171988
7302910932,6999,2014,161322
7302431467,8700,2013,85000
7302085791,16900,2017,53000
7310588292,20995,2020,40727
7312768778,0,2006,100000
7311571035,0,2006,100000
7310817273,11500,2013,117000
7310351214,0,2006,100000
7307352891,0,2006,100000
7302136182,8950,2015,116689
7304522487,7500,2014,85555
7307670341,0,2016,114169
7307663707,0,2018,131538
7314047749,14995,2015,80380
7313637856,10900,2017,69500
7309491746,5877,2005,164144
7309415584,8850,2017,140000
7307448863,10995,2014,68533
7307448565,10995,2016,100503
7307438265,9990,2014,90255
7302125715,8950,2015,116689
7308617785,30,2008,200000
7307931021,0,2018,131538
7304232772,0,2015,149315
7315042761,0,2016,91626
7314460841,13500,2016,34000
7314403448,11495,2013,100887
7314360980,0,2015,80779
7314123335,6950,2014,79000
7314097338,5995,2005,106229
7313894469,4950,2010,121503
7313770630,800,2006,225000
7313444713,2500,2009,142981
7311469004,8000,2011,90248
7311447983,9995,2013,108922
7309890917,8749,2009,97000
7308401148,0,2016,68565
7308339135,4500,2009,145000
7307693763,7495,2011,100100
7315789822,7000,2011,144000
7314496232,3300,2010,187429
7314335075,7600,2014,71890
7313939846,8800,2012,121000
7313348933,1900,2003,200000
7311508947,6950,2013,128000
7311225346,10475,2018,106621
7311156024,7900,2013,76369
7310562559,3990,2011,221300
7309786724,9400,2015,88432
7308263796,6950,2013,128000
7307391798,7895,2015,72142
7306540268,6750,2011,141706
7306037442,5875,2014,117109
7305601509,12500,2014,32000
7304496603,6950,2014,97319
7316669820,0,2010,51809
7308147190,8099,2010,147000
7303583851,0,2010,51809
7316286890,3400,2009,104278
7315400925,4995,2006,98405
7316975911,3495,2012,120000
7316757959,8995,2012,143504
7316611961,16199,2018,24500
7316234325,8495,2013,115000
7316144125,8995,2013,123564
7315466882,11495,2015,61304
7315465306,19000,2016,21112
7315226926,999,2015,70000
7314634770,2900,2007,46700
7314092118,5995,2005,106229
7314026917,3800,2010,12300
7313837625,6590,2012,149000
7313757021,1295,2006,13400
7313729182,5500,2012,62000
7313660389,2950,2012,120000
7313562536,10498,2013,107527
7313439268,6800,2010,89130
7313423299,4495,2010,138521
7313415710,2935,2009,180637
7313291602,2950,2012,120000
7315351443,6500,2013,103000
7314093320,5995,2005,106229
7311358521,6100,2008,111000
7315077695,13900,2015,27910
7309462904,7800,2011,125000
7307044470,6400,2014,68972
7316335062,6995,2013,50000
7316108549,5000,2009,103000
7316016307,4500,2013,127000
7315705884,5999,2013,179000
7315704623,4999,2009,100000
7314406674,10995,2014,100100
7314100758,5995,2005,106229
7313785804,10995,2014,100100
7311466260,3400,2006,143000
7311319082,4950,2013,80628
7310990653,10995,2014,104706
7310982448,9800,2011,124000
7309782153,12900,2013,77698
7309704632,7595,2010,91000
7309485895,13888,2015,96666
7308054917,3800,2006,143000
7304534052,1295,2007,231000
7304387903,5850,2013,80628
7304106370,5999,2013,179000
7304099255,4999,2009,100000
7316281641,2700,2012,198000
7316021328,2950,2009,148748
7316003046,4250,2007,110438
7315963847,6500,2010,133300
7315900687,3250,2006,106000
7315107746,3450,2007,94000
7314101863,5995,2005,106229
7313962346,6995,2009,66000
7313732991,3950,2008,134000
7313604633,9500,2012,97000
7313587329,3450,2007,94000
7313498280,10900,2016,72486
7313485820,8900,2016,71914
7313322068,8999,2015,98000
7312265961,6950,2015,118300
7312193476,9680,2011,111000
7312192177,3450,2007,94000
7311947896,2995,2005,88459
7311920891,12999,2011,55000
7310991690,10995,2014,104706
7310876236,5999,2007,101000
7309283023,4600,2010,127920
7302687850,13600,2016,0
7315371317,1000,2006,176885
7314012367,4300,2011,228000
7313379010,3500,2012,130000
7311812641,3490,2010,220000
7316949070,4600,2008,147600
7314435988,18997,2018,24956
7309183860,0,2018,52600
7303846400,5000,2010,212875
7313452638,3900,2011,136000
7316734793,9950,2011,91200
7316727039,3495,2009,205378
7316372025,0,2015,86022
7315416613,2900,2006,170
7314920132,9950,2011,91200
7314874566,15995,2018,42054
7314860407,0,2011,133093
7314844365,9999,2016,46296
7314766648,5500,2014,97000
7314719571,2995,2005,99000
7314569618,4500,2012,147000
7314465786,16990,2015,37801
7314432666,6995,2012,99000
7314419146,14990,2017,37415
7314339600,1800,2007,163522
7314312265,3600,2011,126000
7313776140,7500,2014,81376
7310393743,6500,2011,140866
7308490041,3449,2010,200200
7316945137,7695,2009,91442
7315579672,7900,2010,89236
7315271021,8495,2012,163535
7314435945,18997,2018,24956
7313286424,9673,2017,114466
7312769050,18899,2017,39335
7312765299,7500,2011,90000
7312758444,20995,2018,40876
7311477256,7500,2007,91000
7310603972,10900,2015,146019
7310272177,11995,2016,63000
7310086208,9995,2014,120000
7309981127,9995,2016,63000
7316868953,8000,2011,117500
7306903910,2000,2002,152000
7316217308,3500,2004,86173
7315788072,21000,2018,20500
7312264821,4900,2014,124667
7305128224,3500,2008,108000
7316179010,19800,2020,38718
7315522560,25000,2018,51000
7315222447,5250,2011,104523
7316727142,3495,2009,205378
7316898986,6995,2015,123320
7316689569,8995,2015,104000
7313961751,6495,2011,171264
7303319008,6495,2011,171264
7316123791,6900,2009,152000
7302760198,4500,2011,134000
7314993655,8490,2011,105598
7314536998,15895,2016,48483
7304792595,15895,2019,35599
7316187610,23500,2017,60000
7315681122,19995,2015,60000
7315380165,7990,2014,135113
7315506808,3000,2010,150000
7313715955,3650,2011,197543
7303830508,3650,2011,197543
7316897607,18990,2015,154284
7316324411,1000,2006,200000
7316309884,3700,2012,200000
7316151284,12889,2017,131900
7315380697,7990,2014,135113
7313793968,16999,2015,58489
7311615884,2300,2007,200000
7311340104,6995,2013,110346
7309407438,23995,2020,21721
7303985478,8000,2013,143910
7303085245,6995,2013,110346
7304615999,6900,2011,35660
7317009684,9488,2016,97000
7317008478,2488,2005,128000
7316932050,3500,2004,157897
7316922789,10488,2013,72000
7316885763,13000,2017,68760
7316866367,11495,2013,79503
7316850905,5300,2010,136951
7316727730,2485,2005,109623
7316528158,4200,2011,92500
7316460594,6999,2015,69528
7316446751,10980,2015,49455
7316412631,6795,2012,192800
7316407120,9100,2016,85043
7316403711,3499,2012,141000
7316330363,3995,2005,129685
7316253165,9495,2018,80119
7316162426,4795,2008,121600
7316142675,7900,2014,119690
7315965063,18775,2019,24566
7315937788,2499,2000,106530
7315544778,2800,2003,174563
7315537824,8573,2015,92176
7315505441,17500,2015,8100
7315362835,8950,2015,35577
7315362324,8950,2015,35577
7315305883,18499,2020,27001
7315281219,6988,2012,142813
7315272626,149,2011,100000
7315272215,199,2015,90000
7315160386,12499,2017,70343
7315118094,10900,2014,67740
7315499914,2800,2008,246500
7313712704,3495,2007,236738
7309525721,7495,2013,0
7309471274,8500,2014,94847
7309029225,10500,2013,90000
7302865972,6950,2013,103000
7316814040,10691,2014,94822
7316465102,6500,2009,178824
7314865359,11976,2017,70247
7314818585,17491,2018,44680
7311339931,6995,2013,110346
7311039467,7495,2012,53675
7309795855,11976,2017,70247
7309407782,23995,2020,21721
7303085080,6995,2013,110346
7314975834,8550,2017,140000
7305240697,4495,2010,100000
7315041384,6995,2012,113000
7314545402,5900,2010,160183
7313793473,5750,2007,150572
7311776342,9800,2017,41000
7308239956,8995,2012,131957
7307215003,6978,2010,130448
7315245122,15997,2013,69671
7314830065,15950,2013,82177
7314646301,0,2008,136700
7313494730,3999,2013,103550
7311727748,0,2010,164700
7311361440,0,2009,226896
7310265468,0,2008,136700
7309163202,13325,2016,139703
7309136411,0,2008,136700
7307633462,0,2008,136700
7315127870,4600,2011,53683
7308467033,3950,2005,152317
7308216963,11900,2014,46926
7304406778,6900,2013,161000
7303848929,0,2007,170000
7303219520,0,2010,164395
7316923186,10200,2011,39600
7311878702,6500,2016,110152
7307764580,14200,2016,71300
7304851474,14200,2016,71300
7307764430,14200,2016,71300
7304849798,14200,2016,71300
7302896741,9999,2015,1
7307764698,14200,2016,71300
7304854446,14200,2016,71300
7313902315,10989,2017,41506
7315894538,6800,2007,34345
7315090841,8700,2016,14940
7314563493,22900,2017,42056
7314311176,6900,2007,34345
7313337731,8700,2016,14940
7313134542,10500,2009,121000
7310343021,9990,2011,117846
7307764873,14200,2016,71300
7304857152,14200,2016,71300
7314907101,8900,2013,137000
7314290820,6480,2012,160800
7314023047,2200,2003,109881
7313490526,15939,2018,71725
7313490245,13899,2016,84817
7313490242,13899,2015,117269
7310361777,25500,2019,23275
7309969141,8450,2015,129701
7308172174,6500,2011,89472
7308155741,4900,2009,122809
7307966898,19500,2019,43500
7307640166,7900,2015,111554
7305862412,600,2014,144000
7304613722,9900,2015,69285
7303609975,8450,2015,129701
7302741418,1200,2005,143000
7306191528,35000,2016,51200
7316569191,7700,2011,125000
7316427279,7499,2013,90000
7316299838,1700,2009,183268
7315914514,7600,2015,85000
7315824146,19300,2017,52500
7314909704,8900,2013,137000
7313990882,6500,2013,85000
7313200026,10000,2016,73800
7313165644,3500,2005,123000
7312941777,15500,2014,57000
7312792614,8400,2018,44000
7312317809,4200,2014,215436
7312315560,6900,2016,100353
7312158774,5900,2009,158000
7311654108,9000,2011,130000
7311563089,7000,2010,163460
7311102227,6750,2010,128992
7310977785,6395,2011,159000
7310976808,5750,2011,109000
7310583901,5295,2010,129000
7310394096,6500,2013,85000
7308493884,6000,2011,145507
7308193236,4500,2006,142000
7307836517,13494,2014,126833
7315609048,7300,2013,64500
7310613033,14500,2014,72400
7312936392,10999,2012,87548
7312426114,3980,2006,164434
7310062094,6495,2007,187003
7305233381,10000,2005,44800
7302315798,10995,2012,140000
7314587195,8498,2013,72608
7313578820,7000,2014,69097
7310062190,6495,2007,187003
7307817955,13985,2014,58288
7316852760,5800,2013,191019
7316801154,14990,2017,42000
7316671441,0,2011,111000
7316529728,1300,2011,180415
7316484715,6500,2009,122000
7316383655,15000,2012,82500
7315913893,5950,2014,148300
7315902887,2800,2009,256200
7315717929,1800,2013,186390
7315695315,5100,2012,201341
7315533302,1200,2009,165000
7315419492,19990,2018,47914
7315297885,8199,2014,52000
7315078612,5800,2013,99200
7314816902,10999,2011,72
7314788767,3900,2007,198500
7313454456,3400,2007,78038
7313324269,7867,2010,71000
7313320447,22990,2018,11000
7313311669,12990,2018,46000
7313310221,10990,2014,105000
7313240360,0,2011,111000
7312930308,10999,2012,87548
7312394758,7800,2013,140000
7311870189,1000,2006,174000
7311867273,14000,2013,83000
7311627698,2500,2006,222039
7311338382,7295,2015,116256
7311270518,0,2011,111000
7310947247,7500,2013,80900
7310611323,14500,2014,72400
7310590649,5300,2010,85185
7310062201,6495,2007,187003
7309717461,0,2011,111000
7309633365,10980,2013,112392
7309122739,5000,2011,113000
7308867744,6500,2009,118500
7308011006,4100,2008,152561
7307644331,0,2011,111000
7311708318,5999,2010,134014
7311116104,5999,2010,134014
7306132420,10700,2013,96100
7316246822,17960,2016,69800
7311938393,4250,2007,198100
7310536978,8450,2016,94000
7310062093,6495,2007,187003
7315788054,9950,2016,46176
7312729541,6995,2013,160000
7310128748,14250,2017,63807
7307782004,7500,2013,88372
7307781512,11500,2014,45952
7306962816,4900,2010,110000
7304731596,11950,2014,104487
7307793644,10999,2014,129170
7317024050,14495,2017,89953
7317001887,10550,2012,74000
7314927682,16777,2020,32575
7312967479,0,2014,67966
7316944038,300,2004,251332
7316840319,3999,2005,117100
7316693893,1,2000,150000
7316590888,20000,2019,69700
7316451930,8888,2015,106571
7316426395,1000,2010,94970
7316344012,7500,2010,110592
7316341887,7999,2013,110680
7316256898,1000,2010,94970
7315590153,9495,2012,105119
7315589911,9495,2013,91132
7315589681,11995,2015,87108
7315589242,6495,2007,156617
7315473191,3300,2005,207000
7315399227,8495,2012,98400
7315161589,7700,2017,128000
7314964480,1000,2010,94970
7314875940,8995,2016,105500
7314875483,8995,2014,96200
7314628861,16900,2017,49500
7314507200,2700,2003,170000
7314411485,7500,2013,91766
7314410795,6500,2010,165438
7314307882,1,2000,150000
7314213648,7100,2008,83000
7314124918,6499,2008,76122
7313416323,11995,2011,129768
7312835924,9500,2011,91000
7312495347,18800,2017,73745
7316757473,6995,2007,131274
7316757113,11795,2017,63746
7316710711,3200,2005,101532
7316151680,5500,2014,9400
7315943327,6775,2014,150000
7315940964,5995,2015,102000
7315940484,6575,2011,145000
7314917887,2500,2009,171000
7314908994,6000,2010,101480
7314809458,850,2008,258000
7314797939,2550,2004,76000
7314750175,3250,2006,115372
7314748111,2950,2008,191200
7314210911,3300,2010,162000
7314163828,6210,2012,141700
7314131255,13400,2016,45200
7314066713,6500,2014,151976
7313755576,12900,2017,43000
7313654369,3250,2006,115372
7313393663,4500,2008,84000
7312962684,1400,2005,220000
7312875722,5495,2010,100299
7312603541,4900,2010,50331
7311792053,2950,2008,191200
7310614160,9400,2015,85000
7310358617,6995,2014,90000
7310039945,10495,2013,20846
7309957278,3550,2007,164671
7309830574,6299,2008,85628
7309830331,7999,2011,134312
7309798956,7795,2014,114695
7308172279,2950,2008,191200
7307764994,7500,2012,81990
7306852683,4250,2009,150000
7306821159,12835,2014,73503
7306378107,5995,2013,125000
7306130852,10400,2016,74962
7305810927,8700,2016,63103
7316998158,4999,2011,180000
7315933640,8800,2009,96068
7314686489,4100,2006,120000
7313602730,4750,2007,131970
7313496871,9900,2017,62750
7312589360,1400,2005,220000
7310039951,10495,2013,20846
7309380348,9900,2017,62750
7304113480,9900,2017,62750
7302410911,5775,2010,143180
7316918657,1250,2012,242000
7316403317,11500,2017,64000
7316219542,5500,2007,110000
7315656784,7999,2014,41900
7315227896,2995,2004,62167
7315209277,2000,2002,139000
7314843587,5500,2007,110000
7314775758,4000,2006,110654
7314685869,4100,2006,120000
7314480200,5000,2010,130658
7314435185,3500,2007,64400
7314312026,13600,2019,33600
7314276689,4500,2003,66000
7314191137,8500,2014,59500
7312644936,9200,2016,107500
7311904032,6500,2013,46175
7311368149,4900,2010,135000
7311062625,4250,2009,94
7310950846,2900,2009,173399
7310039950,10495,2013,20846
7316809670,2500,2004,197600
7316793333,8499,2011,124144
7316793222,14249,2014,100428
7316005671,5700,2012,109000
7315412374,2975,2010,150225
7315289422,26000,2020,13500
7314995002,6999,2012,104991
7314807593,4950,2009,126300
7314686845,4100,2007,120000
7314535794,5500,2013,155000
7314483744,5999,2006,129803
7314475160,8999,2012,70311
7313931504,13999,2015,82055
7313931468,13599,2016,153383
7313886600,13900,2018,5900
7312854666,6995,2009,136000
7312174482,1500,2016,103000
7311641270,10500,2013,76000
7311637134,4500,2010,118000
7311362053,5500,2012,153527
7311336976,8950,2014,115000
7308259672,8499,2011,124144
7308196664,7895,2011,85000
7307843498,10650,2013,71000
7307817758,9395,2012,104000
7307803417,6995,2014,104000
7306117710,7995,2011,79000
7305652946,4995,2010,134000
7305480153,13900,2017,102000
7304832736,7875,2010,122575
7303666853,5500,2012,153527
7303106532,15000,2015,85826
7316295335,9950,2012,98245
7316214857,8950,2013,76000
7316212670,8950,2013,74000
7315826049,6850,2012,150000
7315695089,6200,2011,149000
7314021601,8950,2013,76000
7313877933,7600,2015,50672
7313099178,11900,2014,84000
7313011967,5500,2013,90500
7312880653,0,2017,29000
7312846041,13995,2016,37982
7312117214,8900,2016,86000
7311112612,10900,2015,81000
7310879600,10695,2016,125000
7310708894,6100,2013,138000
7310373620,5800,2015,155000
7315425397,4500,2009,94000
7312772543,1200,2007,193375
7312418670,9000,2018,35000
7312028938,8500,2015,80000
7302588010,6995,2007,112406
7316785977,9500,2014,102150
7310901449,17995,2016,73372
7309650845,5395,2010,101894
7302878094,5395,2010,101894
7315427423,4500,2009,94000
7312417016,9000,2018,35000
7312024877,8500,2015,80000
7302439990,6000,2012,107070
7315976375,15500,2019,37000
7315725489,14500,2013,116000
7315443525,10500,2018,83300
7311376936,16950,2015,49349
7308999872,1200,2010,115000
7316851312,3300,2009,182000
7316530142,10500,2014,55061
7315875720,3999,2008,111000
7315697146,6995,2010,99000
7315696960,5995,2013,111000
7315696476,7995,2012,123000
7315634540,6500,2009,100000
7315339911,4950,2013,128723
7315279016,4500,2009,148000
7315278623,3750,2009,182000
7315278334,8999,2014,53000
7315260607,8250,2011,137369
7315248435,5995,2013,111000
7315240996,6995,2010,99000
7314999574,10990,2015,107086
7314300916,4500,2009,89000
7314090612,5995,2005,106229
7313807869,4500,2009,148000
7313805518,3750,2009,182000
7313491326,3999,2008,111000
7313400747,11500,2014,109000
7312816971,8999,2014,53000
7312816010,3999,2008,111000
7312796713,8250,2011,137369
7312347893,8950,2011,132000
7311852302,4500,2009,89000
7311841300,7995,2012,123000
7311835447,3750,2009,182000
7311835013,3999,2010,131000
7310991190,10995,2014,104706
7310984057,9800,2011,124000
7310878903,3999,2010,131000
7310874393,8999,2014,53000
7310870203,3750,2009,182000
7309955586,3999,2008,111000
7309339105,7950,2015,73357
7309233383,3999,2010,131000
7309230465,6500,2009,133000
7309230378,8250,2011,137369
7309229931,3999,2008,111000
7308801159,3999,2008,111000
7308369364,4550,2007,135420
7308272262,6500,2009,133000
7308271614,9999,2014,53000
7308270780,3999,2010,131000
7308270188,4500,2009,145000
7308248177,4500,2009,148000
7308233220,7995,2012,123000
7307437595,4500,2009,148000
7307368696,4500,2009,145000
7307293802,3999,2010,131000
7307226212,9999,2014,53000
7307196669,6500,2009,133000
7307163222,3999,2008,111000
7306678418,3999,2008,111000
7306647315,5799,2008,97000
7306448503,3500,2011,95000
7306144491,6500,2009,133000
7306132879,3999,2008,111000
7305844790,8250,2011,137369
7305775294,13500,2015,95037
7305737216,4000,2008,149000
7305735723,3999,2008,111000
7305617716,6995,2013,124000
7305292760,3999,2008,111000
7305248214,4100,2009,128986
7305127306,5000,2007,77000
7305126722,4700,2011,180000
7305126494,5999,2011,179000
7305126303,4000,2008,149000
7304905279,5999,2011,179000
7304892501,3400,2009,208000
7304853817,4000,2008,149000
7304743047,3500,2008,171100
7304738182,4700,2011,180000
7304728134,4500,2008,111000
7304715400,7995,2012,123000
7304286824,14900,2016,75546
7304076124,13500,2016,54700
7303705807,5500,2007,77000
7303631329,4500,2008,111000
7303261105,4500,2008,111000
7302708259,11493,2015,77983
7302700761,8990,2010,71208
7302699776,8990,2010,92645
7302699035,12990,2013,94095
7302698706,5990,2008,162340
7302682696,4500,2008,111000
7301731617,5500,2010,133000
7301648777,4999,2010,162000
7301646814,4700,2011,180000
7301645993,3999,2008,111000
7313761748,4500,2008,161492
7313377384,12500,2013,67200
7312072862,12000,2016,44500
7307139934,8995,2011,88410
7306964419,6000,2011,138000
7316965620,9995,2017,77000
7316659842,8999,2011,89469
7314899669,6995,2009,139000
7314897591,7995,2011,114000
7313814008,7995,2011,114000
7313290844,5600,2008,65200
7313051746,9995,2017,77000
7312280313,1150,2010,124000
7312032155,4500,2008,109850
7311805880,8999,2011,89469
7311788665,7900,2013,100000
7310421393,7995,2011,114000
7310010768,6995,2009,139000
7309448805,9995,2017,77000
7309437279,6300,2008,59000
7307912022,17495,2020,1000
7307911575,16495,2020,7378
7307134137,8999,2011,89469
7307099555,3400,2010,155000
7306464210,8900,2016,39061
7306262861,9490,2013,99517
7305725898,6995,2009,139000
7304836033,6499,2011,123405
7302448068,3995,2009,159216
7302122484,9495,2013,99517
7302049326,3400,2010,155000
7301987275,8999,2011,89469
7315465011,8495,2017,43000
7311402447,7900,2011,72000
7316363193,11995,2015,125147
7303670755,4895,2009,86000
7304294667,7950,2015,73357
7316934126,4900,2007,132500
7315126716,12595,2014,69500
7314757098,2500,2004,187073
7313157780,1400,2006,208377
7312842132,12495,2015,82000
7312114804,1500,2013,79678
7311285354,12500,2015,73000
7310246827,12500,2015,73000
7310039948,10495,2013,20846
7309715973,12500,2015,73000
7309150167,12500,2015,73000
7308952392,20000,2019,6512
7307620653,12500,2015,73000
7307265353,12500,2015,73000
7306866468,12500,2015,73000
7306597853,12500,2015,73000
7306079204,12500,2015,73000
7304500453,1500,2013,79678
7303094059,2990,2009,128000
7303054879,2990,2009,127000
7302720008,11493,2015,77983
7301817436,1500,2005,181500
7301710116,4900,2007,132500
7316915115,3500,2012,106000
7313249974,3500,2009,162000
7316720916,1900,2001,116000
7316660647,2500,2005,120130
7316658561,6995,2010,72939
7316348606,2500,2005,120130
7316281253,3400,2005,128000
7315446408,1900,2001,116000
7315263953,7795,2013,85843
7315239617,1400,2002,173301
7314611006,7500,2012,69000
7314141178,5300,2014,176000
7312871537,2200,2002,155000
7312401703,3950,2007,132000
7312353797,6800,2010,121000
7312321364,10999,2013,95664
7312287555,5500,2010,127000
7311881828,5000,2013,156000
7317036473,8150,2011,61750
7316986079,7999,2015,87000
7316657670,7500,2012,102000
7316463757,1650,2006,178000
7316253521,5000,2013,102000
7316242859,3500,2010,130000
7315990985,10300,2016,69000
7315779363,3000,2004,152000
7315624805,5900,2007,75000
7315606475,2499,2004,80000
7315086193,6990,2012,73398
7315054922,7999,2015,87000
7314978933,8999,2016,52000
7314905162,3500,2008,227000
7314686127,4100,2006,120000
7316943902,4000,2007,164000
7315300943,3500,2008,98000
7315266011,7400,2012,114000
7314106278,19995,2018,44800
7312228984,8795,2011,131405
7311496530,3000,2010,95000
7310113459,4000,2010,110000
7308798076,6495,2010,77000
7307650980,6500,2011,87014
7306358366,5695,2009,117350
7306146573,9495,2011,115000
7305469599,7495,2013,115760
7315580211,13000,2016,73600
7315177678,6490,2014,108125
7313736431,10995,2016,43000
7313736268,18995,2017,10000
7313134198,6490,2014,108125
7312450140,2995,2008,176213
7311698496,6900,2012,155889
7310981234,18995,2017,8600
7307248529,5500,2007,76000
7307088477,13500,2018,32000
7307088145,16500,2018,38000
7307087924,18500,2017,37000
7306146076,9495,2011,115000
7303131115,17300,2018,30371
7302515583,6995,2016,102000
7311697903,6900,2012,155889
7310105990,3400,2007,152000
7307735004,15995,2019,13534
7304115659,4995,2005,131248
7303130275,17300,2018,30371
7316707367,11988,2015,95122
7316413599,7995,2009,124914
7313920463,13988,2015,97000
7313003849,4995,2008,160000
7311698001,6900,2012,155889
7309457612,4995,2008,160000
7303131778,17300,2018,30371
7316992650,3500,2011,188000
7315891246,6000,2012,122000
7315384315,8950,2012,115420
7315283103,15000,2019,3000
7314952250,10800,2011,55000
7314095956,5995,2005,106229
7313985821,4000,2013,186000
7313398443,5995,2007,156000
7312649461,4000,2008,171000
7315380455,7990,2014,135113
7316895631,18990,2015,154284
7314495518,12000,2013,83000
7315734473,7000,2012,149750
7314486944,3450,2010,157000
7314313164,3450,2009,122758
7313771410,11011,2013,105880
7312932031,16777,2018,33484
7312902957,18255,2018,13343
7312894238,9677,2013,97456
7310687177,14300,2017,49272
7310508084,7200,2013,133813
7310488032,7800,2013,116650
7310341153,12177,2014,97557
7309381704,17488,2018,23939
7309281294,8990,2012,91331
7309213691,4500,2009,103338
7307647877,6677,2012,149712
7307586465,7795,2012,106839
7307358565,20933,2017,28083
7307133327,14811,2016,82915
7306676891,8377,2011,99930
7306610431,7733,2013,112521
7306100078,15833,2015,75325
7305637804,11011,2013,105880
7304625303,16988,2018,16058
7304097227,9877,2013,97456
7303136225,5733,2011,162892
7302685430,18477,2017,25536
7308885629,4995,2013,115000
7317004268,4000,2011,118000
7308455207,7000,2015,72000
7316935246,4800,2009,181000
7316843651,10988,2013,119862
7316244619,1195,2015,135053
7316237891,1195,2013,181578
7316236829,1195,2012,164273
7316208023,1195,2013,163720
7316198205,995,2011,123106
7315371966,1900,2007,167256
7315319260,13988,2014,105947
7314598340,7000,2011,140000
7314582926,2900,2003,200000
7313946417,0,2017,91992
7313916868,0,2015,62708
7313776253,0,2013,92280
7313764400,3800,2008,134000
7312903904,0,2015,128746
7312523784,16000,2018,49302
7311444565,0,2018,51360
7311291384,0,2007,152153
7310971590,1000,2006,119000
7310604579,2500,2008,153173
7310596430,2500,2007,152389
7310590450,900,2005,129550
7310425916,0,2018,94731
7310363958,3200,2004,210400
7310313878,10995,2010,82608
7308471197,3900,2010,78000
7308326283,650,2006,155000
7308307000,500,2005,144000
7305754096,1195,2013,181578
7304624092,0,2015,128741
7304622902,6995,2013,148801
7304290834,0,2015,105257
7304246447,0,2015,108811
7316662574,1500,2004,97000
7316662552,3500,2012,152000
7316251377,1500,2004,97000
7316251361,3500,2012,152000
7316230852,2695,2006,149097
7315675016,13900,2017,55000
7315460566,2695,2006,149097
7315240994,3500,2012,152000
7314750432,1500,2004,97000
7314750420,3500,2012,152000
7314384087,4800,2009,103338
7313778131,11011,2013,105880
7312942234,16777,2018,33484
7312902000,9677,2013,97456
7312892907,18255,2018,13343
7311840632,4495,2009,117400
7310687407,14300,2017,49272
7310508407,7200,2013,133813
7310487756,7800,2013,116650
7310370300,8500,2012,87612
7310342987,12177,2014,97557
7309751687,3000,2014,152000
7309699949,7995,2013,121741
7309386482,7500,2011,130786
7309385466,8500,2011,132440
7309381805,17488,2018,23939
7309376446,8000,2012,147524
7309347470,5995,2010,129781
7309267357,5995,2016,115927
7309177322,3000,2014,152000
7309036203,4999,2009,118000
7308730783,4495,2009,117400
7308587611,4700,2008,155000
7307647449,6677,2012,149712
7307636600,3000,2014,152000
7307313634,20933,2017,28083
7307127338,14811,2016,82915
7307122902,3000,2014,152000
7306678759,8377,2011,99930
7306619204,7733,2013,112521
7306597299,2500,2012,178000
7306597292,3000,2014,152000
7306317490,4495,2009,117400
7306139134,5995,2010,129781
7306097796,15833,2015,75325
7306096897,3000,2014,152000
7306096893,2500,2008,161000
7305633917,11011,2013,105880
7305615647,2500,2008,161000
7305615652,2000,2011,135000
7304680940,7500,2011,130786
7304618304,16988,2018,16058
7304612345,2500,2008,161000
7304105387,9877,2013,97456
7304091993,2500,2008,161000
7303732070,5995,2010,129781
7303263317,0,2012,134400
7303123634,5733,2011,162892
7302823849,3200,2013,1
7302687722,18477,2017,25536
7302529154,2500,2008,161000
7302529064,2000,2012,170000
7302528883,2000,2011,174000
7302528808,2500,2007,189000
7302072211,2995,2010,173118
7302029784,5500,2013,121995
7302022137,2500,2007,189000
7302022145,2000,2011,174000
7302022131,2500,2011,198000
7302022113,2000,2012,170000
7302022118,2500,2008,161000
7316971933,8995,2014,138976
7316971415,9995,2016,68004
7316665230,1000,2018,115000
7316659662,4995,2009,117000
7316259687,15500,2018,30000
7315754042,4995,2009,117000
7315752790,1000,2018,115000
7315745809,2995,2008,125000
7315542326,5999,2013,94000
7315412534,14000,2014,93000
7315235882,4995,2009,117000
7315235119,1000,2018,115000
7315227434,2995,2008,125000
7315051804,1500,2016,108186
7314744028,6395,2011,128000
7314729648,1000,2018,115000
7314729559,2995,2008,125000
7314727428,4995,2009,117000
7314554215,1500,2016,108186
7314346544,5850,2010,92578
7314268086,14991,2016,66675
7314084019,1500,2016,108186
7314051707,4295,2009,193000
7313924912,4850,2006,111990
7313830110,0,2012,125018
7313602925,13900,2019,20169
7313447013,7999,2016,66000
7313413722,3900,2012,100050
7313409261,8600,2016,135539
7313074803,1500,2016,108186
7312836953,13900,2019,20169
7312814028,7500,2009,112390
7312665935,6495,2011,128000
7312363381,5999,2013,94000
7312362256,7999,2016,66000
7312317552,2995,2008,125000
7312309851,1000,2018,115000
7312014258,3300,2003,189992
7311883678,3995,2008,157000
7311612669,1500,2016,108186
7311310315,5850,2010,92578
7311286464,6595,2011,128000
7311275891,3995,2008,157000
7311273700,2995,2008,125000
7311273554,1000,2018,115000
7311097499,1500,2016,108186
7310929381,8995,2011,109821
7310920790,7450,2013,96222
7310820526,19700,2020,13500
7310591637,1500,2016,108186
7310007192,1750,2005,132925
7309588273,3650,2006,180000
7309277663,14995,2019,17664
7309236463,3695,2007,199000
7309093512,6495,2011,128000
7308705721,1000,2018,115000
7308705430,2995,2008,125000
7308705198,3995,2008,157000
7308249022,1000,2012,107000
7308248389,1000,2018,115000
7308241055,3995,2008,157000
7308240104,2995,2008,125000
7308094800,6595,2011,128000
7307190557,7950,2013,151523
7307118886,7450,2013,96222
7307047398,6595,2011,128000
7306481626,14991,2016,66675
7305872071,4299,2004,97873
7305481127,6795,2011,128000
7305187823,5800,2010,141000
7305176056,1000,2018,115000
7305175072,1000,2018,115000
7305174870,1000,2012,107000
7305168152,2995,2008,125000
7305167927,3995,2008,157000
7304663304,5400,2008,62000
7304657527,3000,2009,136594
7304609868,2995,2008,125000
7304609705,1000,2012,107000
7304609563,1000,2018,115000
7304609377,3995,2008,157000
7304543985,6795,2011,128000
7304453947,13900,2019,20169
7304189918,7950,2013,151523
7304139200,3995,2008,157000
7304138526,1000,2018,115000
7304138185,1000,2012,107000
7304137610,2995,2008,125000
7304108944,7450,2013,96222
7303923104,5300,2012,129580
7303805237,9999,2015,81451
7303718660,6499,2012,129450
7313913037,0,2017,91992
7313776667,0,2015,62708
7312903973,0,2015,128746
7312894004,0,2018,94731
7311806604,0,2018,51360
7311291863,0,2007,152153
7310261463,12000,2013,97987
7309286830,16788,2016,111349
7306886117,16788,2016,111349
7304246493,0,2018,94731
7303063688,0,2007,152153
7303060385,0,2013,92280
7302773843,16888,2016,73758
7302767957,12588,2015,101556
7302760969,17788,2017,60467
7302727394,0,2015,132415
7314588357,10990,2009,125767
7305108545,7850,2011,162000
7316715148,1995,2008,187000
7310289594,7995,2012,111414
7310283996,9995,2015,110247
7310281907,10995,2016,74063
7310031782,1995,2008,187000
7302652227,7995,2012,111414
7310576142,7500,2014,93000
7309219941,18997,2017,23500
7316819543,18371,2018,24473
7313771019,0,2017,48304
7312798619,5600,2014,122000
7311700086,9997,2015,69551
7311333732,0,2015,44607
7311039307,0,2013,85655
7311038677,0,2016,99734
7309808299,0,2013,88433
7305046380,14900,2018,58000
7302733703,17312,2018,24473
7314192622,36900,2019,26600
7312210551,3995,2008,211800
7310508764,7200,2013,133813
7310487343,7800,2013,116650
7306858710,18895,2018,30392
7307141331,18200,2020,25743
7316131367,35995,2017,15005
7315533678,2400,2017,37000
7315531323,2400,2015,57000
7315303919,9800,2014,110410
7315000371,2400,2017,58000
7314925459,9900,2016,136000
7314905381,5900,2015,126000
7314867940,9900,2015,122000
7314828526,15950,2013,82177
7313947295,4399,2005,168555
7313624914,8500,2012,107261
7313497509,9877,2016,122000
7313497028,8495,2015,140000
7312867851,6700,2012,192000
7312846241,8900,2015,177000
7312835231,9900,2017,116000
7312808694,9500,2017,56000
7311609096,7995,2014,60000
7311606078,9995,2013,143000
7310158835,4950,2012,148765
7309494563,7750,2015,87706
7309444412,1900,2015,60219
7309302397,2000,2016,28000
7307944565,7500,2018,50032
7307196882,18200,2020,25743
7306771765,1500,2015,134000
7306253401,7788,2015,122000
7306244296,9495,2016,122000
7306243933,7877,2015,140000
7306242316,7995,2014,60000
7307230210,18200,2020,25743
7301875684,9500,2011,87800
7313702227,21700,2020,2700
7302158626,17250,2018,47000
7316738312,3500,2010,166488
7315116457,2300,2004,174000
7314829502,15950,2013,82177
7314644539,11997,2015,113268
7312861287,0,2019,60303
7311952923,0,2017,85269
7311906745,0,2017,86847
7311481333,0,2018,32101
7311442091,0,2017,46926
7311000523,0,2018,56796
7310968558,0,2018,51676
7310459612,0,2019,18477
7310453771,0,2018,99425
7307980803,4000,2010,120000
7307906466,0,2018,79254
7307189634,3999,2003,227379
7304761933,0,2019,60303
7304284321,0,2018,99425
7303093051,0,2018,32101
7302760346,0,2017,46926
7316387895,17990,2014,64904
7316387779,9990,2010,123665
7315045075,5999,2010,145463
7314685493,21500,2015,71190
7314471576,7995,2011,129974
7313117978,13990,2015,99806
7309236233,20999,2020,14036
7317000099,8999,2014,95974
7316372000,3200,2009,112000
7316367049,8500,2013,109000
7315469015,6500,2011,118395
7314404311,999,2005,194236
7311409937,999,2005,194236
7310601002,0,2014,62235
7310585747,0,2015,56894
7309483216,8990,2011,144739
7305745154,4600,2013,126344
7316863120,600,2003,130000
7315513009,14995,2019,30000
7315358513,13995,2014,71447
7315356711,7995,2015,76450
7315097108,11990,2013,108801
7315033774,8995,2015,123987
7315032652,9995,2011,58692
7314930387,2000,2001,132750
7314544224,10990,2012,134483
7314404711,999,2005,194236
7314044688,9995,2011,75957
7314021358,8990,2012,99154
7313949923,13495,2016,91036
7313454001,9990,2017,59478
7313013214,8900,2014,117300
7312381774,7800,2013,99500
7311407520,999,2005,194236
7310895514,10995,2015,72871
7310889616,10995,2014,121798
7310882709,7995,2013,143810
7310877753,15995,2017,40243
7309477790,8990,2011,144739
7309341454,7995,2011,145752
7309340382,7995,2014,112613
7316350217,9999,2013,98161
7316210287,9999,2014,76858
7315390002,4888,2009,161199
7315389250,3999,2009,198780
7315079823,2000,2008,157244
7315067177,6499,2008,104000
7314956204,9995,2011,123369
7314569722,8995,2012,156000
7314564927,8700,2011,86524
7314449851,5995,2011,168259
7313146651,7999,2011,89000
7312953543,9999,2013,98161
7311596619,3999,2009,198780
7311595938,4888,2009,161199
7310453140,9999,2013,98161
7308212783,4888,2009,161199
7308212141,3999,2009,198780
7307964304,6499,2008,104000
7307446197,9999,2013,98161
7305983298,9995,2018,18555
7304518290,4888,2009,161199
7304517430,3999,2009,198780
7303761831,9999,2013,98161
7303360274,8500,2013,76300
7315100501,11990,2013,108801
7314547882,10990,2012,134483
7314528292,14990,2015,47449
7314403977,999,2005,194236
7314039311,8990,2012,99154
7313459333,9990,2011,59478
7311415567,999,2005,194236
7309488601,8990,2011,144739
7316977406,1000,2013,159057
7316975353,500,2008,205519
7316562230,2500,2009,219000
7316547297,10491,2013,129779
7316546713,5991,2013,140567
7316545382,4200,2010,144132
7316455971,14500,2013,60148
7316381592,3995,2007,129040
7316341766,4499,2005,171377
7316338574,5000,2009,130000
7316331636,0,2015,78705
7316325953,415,2017,52658
7316311227,16900,2018,14000
7316304920,8995,2014,93000
7316253805,7999,2017,106000
7316896122,6950,2015,149000
7316820171,999,2005,194236
7315099179,11990,2013,108801
7314545896,10990,2012,134483
7314523978,14990,2015,47449
7314403510,999,2005,194236
7314036813,8990,2012,99154
7313456944,9990,2017,59478
7311431854,999,2005,194236
7316460527,8000,2011,111100
7311867226,3600,2008,199200
7310399809,5995,2007,87457
7309580908,22000,2019,12000
7305629549,8995,2013,113578
7305627245,5995,2012,146294
7314370562,11900,2013,107738
7313533198,18895,2018,30392
7312885815,11988,2016,132667
7310415463,12000,2016,23937
7306499215,6000,2011,99343
7314972459,6995,2009,50874
7314815476,5999,2012,150000
7312348267,9500,2012,119000
7311565685,6995,2009,50874
7305015689,7000,2013,92000
7302674811,13450,2016,89914
7316010426,8700,2011,106700
7314266138,8950,2010,114000
7311968592,7495,2012,141963
7307880109,5800,2008,167350
7307372564,7495,2012,141963
7316043987,5490,2010,92177
7315906063,7600,2011,165000
7315903001,1950,2005,156187
7315067229,5900,2010,112000
7315066664,4500,2004,104000
7314848741,3150,2008,223000
7314824086,1950,2005,156187
7314765007,4700,2010,141870
7314764698,6800,2011,156340
7314764365,6600,2011,130000
7314760971,5300,2007,120550
7314757653,3600,2006,164000
7313324950,2500,2009,265000
7312334732,10500,2015,121000
7310039946,10495,2013,20846
7307832443,11000,2012,120000
7307206628,14750,2019,55000
7305582364,17250,2019,55000
7306886573,18895,2018,30392
7317009152,18990,2018,16204
7316693388,7500,2012,150624
7316185367,4500,2011,153235
7315866297,3200,2005,180000
7315834886,3495,2002,83000
7315785464,3950,2008,166981
7315710765,5100,2016,102000
7315163851,16000,2018,36433
7315051502,2350,2001,89000
7314810771,4950,2009,126300
7314773308,5800,2012,99058
7314725164,9200,2009,20860
7314498922,5900,2010,97000
7313851856,13900,2018,5900
7313244419,7500,2012,150
7313233453,9200,2009,20860
7312725314,6900,2009,74000
7312555451,4500,2011,153235
7312549697,4000,2006,171740
7312343835,1800,2004,138291
7312522654,8000,2015,67600
7311362070,5500,2012,153527
7311260979,9200,2009,20860
7310933290,1500,2006,129071
7310612665,16000,2020,9800
7310271489,3200,2011,130432
7310121642,2295,2007,198841
7309741733,17900,2016,89900
7309403764,6500,2013,101000
7309164946,9200,2009,20860
7308227494,13999,2017,10700
7308149641,6500,2013,103317
7316929993,5995,2016,51000
7316712783,15500,2015,37000
7316476215,5500,2009,131000
7315769296,5490,2011,69615
7314523927,4000,2006,129000
7314457744,7999,2014,95238
7314456999,7999,2010,64920
7314400926,5495,2007,68139
7314198729,4500,2005,167000
7314112620,17000,2018,43655
7313539311,11500,2017,57027
7313534170,18895,2018,30392
7313328021,4999,2007,173048
7313037314,5995,2007,114000
7312836560,10500,2015,77000
7311721339,5400,2008,49600
7311714862,600,2009,160000
7311691354,4400,2009,145000
7311423222,6299,2009,95052
7311020987,5995,2011,93000
7310509072,7200,2013,133813
7310487024,7800,2013,116650
7308409323,4995,2009,92000
7308009340,6000,2010,114000
7307226213,5000,2006,108900
7306394900,6500,2014,115000
7306281418,6495,2008,63924
7305962664,13000,2015,33000
7305350057,8800,2015,125000
7316730846,3200,2004,62167
7316717963,8990,2013,83314
7316445694,5800,2007,167234
7315848588,5900,2008,58300
7307445038,5500,2013,143450
7306904368,8800,2011,157040
7301792597,1500,2002,145126
7315719697,12500,2013,67100
7315573172,4200,2007,201515
7315209793,3850,2009,115272
7314233489,6000,2009,154000
7313025778,650,2010,159999
7311770131,5295,2012,151000
7308925746,12500,2013,67100
7308159245,3850,2009,115272
7306468263,3500,2008,190000
7304162106,2800,2004,130000
7311719053,8700,2013,56019
7310553684,6250,2012,80527
7310072158,6500,2007,135000
7304389278,7990,2016,93000
7302895599,6900,2013,87000
7316828924,18000,2014,32000
7311815195,4250,2011,142000
7311811634,5450,2008,69000
7308006632,3500,2003,78000
7307298020,14995,2013,43609
7317012489,6800,2011,68000
7315940086,1500,2004,182000
7315769090,3900,2010,127464
7315683260,4400,2011,136379
7315679163,4800,2009,68465
7315026681,18999,2019,19491
7314799486,4000,2009,181000
7314533483,8500,2011,151000
7314497346,6000,2010,129300
7314098705,5995,2005,106229
7314004038,3890,2007,123400
7313953096,4000,2007,93000
7313497940,4795,2007,179192
7311423762,21999,2019,84037
7311422957,6999,2013,109669
7311422468,10999,2013,100231
7311421343,15999,2015,78945
7311372847,10999,2013,96256
7310984182,6995,2010,114000
7310860662,4795,2007,179192
7309793529,16500,2016,45502
7306172881,8500,2011,151000
7305806498,4500,2007,189000
7305738796,10999,2013,96256
7305705410,0,2019,84037
7305699171,15999,2015,78945
7305698681,10999,2013,100231
7305698414,6999,2013,109669
7305390731,4988,2008,133000
7305389632,4988,2013,167000
7303978283,7895,2015,121000
7303344781,7999,2015,119000
7303226401,9500,2014,121840
7303224390,6550,2016,129242
7302707399,13600,2016,0
7316855428,6490,2010,106752
7315885008,5995,2008,117053
7312389826,5995,2008,117053
7311385075,6490,2010,106752
7311384466,6490,2010,106752
7305799816,5995,2008,117053
7301976213,8000,2015,45000
7307282789,5490,2009,171928
7307160286,3500,2004,203000
7302307643,10995,2012,140000
7302290489,10995,2012,140000
7301973281,8000,2015,45000
7317070740,1800,2004,259532
7316416594,6680,2012,160100
7316304913,9999,2013,168716
7314932448,11999,2015,105537
7314904863,8900,2013,137000
7314391879,14950,2015,51181
7313526870,6680,2012,160100
7311079865,5490,2009,175000
7310829250,5943,2010,94115
7310790754,13650,2018,22700
7309966952,7980,2015,129755
7309818105,0,2004,0
7309810337,600,2002,180000
7308959580,11250,2016,61235
7305643345,6680,2012,160100
7305642895,7980,2015,129755
7305585737,3000,2007,154954
7304224776,9999,2012,199100
7304106773,8999,2011,182925
7303828568,7980,2015,129755
7302793859,6990,2017,153000
7302322924,7200,2012,134300
7301730088,6680,2012,160100
7311394395,10000,2013,110312
7311727544,11500,2015,43000
7305097570,5000,2007,41640
7302299312,10995,2012,140000
7311404081,11901,2015,55359
7310173417,11900,2016,52350
7314472340,11500,2013,72000
7316519960,11500,2016,87896
7314597642,8000,2015,124447
7314596084,12000,2012,94323
7313491136,15939,2018,71725
7313490927,13899,2016,84817
7313490794,13899,2015,117269
7311324814,12000,2012,94323
7307747712,8500,2016,153992
7307746707,12995,2018,101287
7307210604,5995,2013,146028
7305070432,12950,2015,193000
7304866359,7500,2011,51000
7309533726,4600,2011,192069
7304666198,8900,2012,140000
7304484353,14000,2017,102400
7316727263,9999,2014,84449
7316726965,10900,2013,103310
7316721441,15999,2014,92996
7316213642,36294,2020,41305
7315980548,9450,2012,156000
7315970033,7800,2012,44600
7315770972,4900,2007,123000
7313489078,13899,2016,84817
7313489028,15939,2018,71725
7313488682,13899,2015,117269
7312027178,5200,2010,262000
7311034054,15999,2014,92996
7310919302,21950,2017,27470
7310539346,9450,2012,156000
7310060064,12995,2018,104254
7308789981,8000,2013,127000
7308307609,10900,2013,103310
7308300349,9999,2014,84449
7307072088,3600,2006,155000
7306908678,8500,2013,16000
7305331651,2500,2006,139000
7304133447,10900,2013,103310
7304131892,9999,2014,84449
7303506891,5999,2011,156000
7303068795,8899,2015,90000
7315040043,6995,2012,113000
7314792048,800,2001,240000
7311078262,19900,2019,41190
7302495707,16000,2018,10000
7316155054,0,2017,63496
7315719756,27675,2018,52891
7313680236,3100,2003,207
7313600584,2500,2005,262287
7313491815,15939,2018,71725
7313491498,13899,2016,84817
7313491503,13899,2015,117269
7312572938,11500,2014,69251
7311922153,8000,2012,127756
7311531027,4200,2006,141000
7310922141,8995,2010,121442
7310588288,20995,2020,40727
7310152304,12875,2012,80166
7313097680,6500,2013,131000
7310844278,7950,2011,91000
7308850038,7500,2012,83945
7306753756,4900,2013,204125
7302405394,15500,2015,46000
7315541433,13600,2015,112000
7315430838,4500,2009,94000
7314890782,12995,2017,104216
7312412234,9000,2018,35000
7312030812,8500,2015,80000
7311793041,12900,2015,112000
7307235165,18200,2020,25743
7303238642,10995,2017,38524
7302726366,5000,2012,219
7316825730,3000,2009,139000
7316788093,4500,2009,138332
7316542118,12999,2013,91533
7316215441,6500,2013,140988
7314500234,0,2020,34000
7314500051,0,2019,46000
7314298184,5500,2009,148000
7314258525,7900,2013,115000
7313695032,7000,2008,98000
7313362807,6500,2013,140988
7312798755,3999,2009,129000
7312590920,6500,2011,104250
7311971036,14900,2016,25000
7311934256,6300,2015,121000
7311306874,4495,2007,165313
7310958382,7895,2014,61194
7305921005,18499,2019,32120
7314367833,268,2017,62495
7310467417,0,2014,105679
7309354506,278,2017,63025
7304521904,1500,2005,170000
7302105144,1,2012,127000
7302102293,299,2019,44595
7314820181,8995,2012,101547
7316063119,4995,2008,118026
7316056586,11700,2016,153219
7317055505,10000,2013,70300
7317053692,8500,2013,53400
7316998851,4995,2012,164905
7316916580,8400,2014,92672
7316544364,3200,2017,99200
7316475107,9995,2016,69393
7316400315,9500,2019,30000
7316370274,11000,2011,114700
7316273126,12775,2013,90987
7316245769,2500,2012,114089
7316174598,8600,2017,54526
7316012377,5000,2013,81000
7315953913,2000,2013,121000
7315873618,5500,2012,130000
7315388217,8650,2015,165558
7315377448,6600,2013,154111
7315109458,14500,2015,68000
7315043891,7995,2013,65000
7315041627,4150,2008,100000
7317034069,5200,2010,167898
7316286719,5700,2015,124000
7316251245,5990,2015,67000
7314637678,15995,2018,39130
7311944494,5350,2010,101894
7311571815,7999,2013,131000
7310557969,5990,2015,124000
7310464740,7100,2014,111500
7307868695,11999,2020,10515
7305858115,6900,2014,111000
7305486362,4750,2008,300000
7304107187,6700,2015,67155
7303859630,11999,2020,10515
7301817186,7900,2015,69000
7315321344,5000,2012,85965
7316956756,11700,2015,152413
7316904118,1400,2016,113500
7316589716,2650,2006,200000
7316528525,15000,2012,56606
7316505212,550,2006,179241
7316426399,19900,2017,44215
7316320235,8900,2015,120323
7316048905,2400,2006,174000
7315785488,6300,2013,135624
7315384463,0,2011,115146
7315329852,5000,2012,85965
7314820363,14900,2016,60245
7314819839,14900,2015,116425
7314769732,6200,2013,97150
7314686924,1200,2011,103000
7313186002,5600,2013,243650
7315467120,9900,2013,105000
7315434536,4500,2009,94000
7315402274,6900,2011,97000
7314116673,6950,2013,146000
7314110918,12500,2015,45600
7314075352,9218,2016,87300
7313880032,12950,2017,110959
7313802461,9200,2013,121000
7312415481,9000,2018,35000
7312026541,8500,2015,80000
7310986314,6995,2007,130660
7310542072,6000,2009,119061
7310161938,12950,2017,110959
7316806298,0,2016,125539
7316749129,2700,2001,9999999
7315362434,6000,2013,93416
7314511985,6500,2016,104193
7314509253,7200,2017,73692
7313054036,2995,2001,9999999
7307184268,2000,2016,92792
7306828464,2495,2015,124642
7305128379,5299,2007,138000
7302621624,0,2016,125539
7315913335,9500,2016,54000
7315432716,4500,2009,94000
7312413850,9000,2018,35000
7312023271,8500,2015,89000
7302836962,4299,2009,130928
7316263513,6500,2012,162280
7315469906,7900,2013,140000
7314945675,10600,2013,154000
7314571062,10995,2013,139212
7312834004,1500,2017,28553
7311386884,7900,2011,110000
7311384922,13500,2013,76000
7311383986,14500,2020,3000
7311382340,1000,2018,35222
7311381082,7300,2013,174000
7311376575,1500,2018,35222
7311336778,1000,2017,28553
7311335056,1000,2017,28553
7310981490,8500,2017,85605
7310839341,5998,2012,125000
7310578542,1000,2017,28553
7310577832,1000,2017,28553
7313163294,15999,2014,57000
7309540861,13995,2014,111500
7312879796,10000,2016,80707
7310574987,5900,2010,132000
7309047473,9500,2013,105000
7302158029,17250,2018,47000
7308068795,12500,2013,59300
7304248581,13795,2017,95990
7304248337,9685,2013,109504
7316029183,1000,2011,187000
7314862843,10995,2013,87777
7314600627,7795,2014,147000
7314254634,1275,2006,13400
7314099694,5995,2005,106229
7313906119,14995,2018,38781
7313471763,19998,2019,46886
7312994815,18988,2017,81662
7312791393,7988,2013,54879
7312782367,8998,2017,130719
7312772449,12488,2013,119495
7312768284,8498,2015,124635
7310921328,4950,2013,128723
7310779582,5295,2012,115000
7308694430,7000,2011,138000
7307670101,7800,2012,126000
7304289978,14900,2016,75546
7304180600,8998,2017,130719
7302726456,14995,2018,38781
7302559970,8498,2015,124635
7316753985,6490,2009,67595
7314494552,3300,2010,187429
7309471638,1700,2003,280300
7309232680,7895,2013,94307
7306719952,13599,2014,111542
7304683855,5990,2006,120852
7304511877,3300,2010,187429
7302576414,6990,2013,118950
7307758908,7995,2014,111000
7316753528,6490,2009,67595
7316316481,6400,2015,134000
7314493396,3300,2010,187429
7309224048,7895,2013,94307
7308585266,3497,2006,160217
7308177205,3497,2006,160143
7304755459,6400,2015,134000
7304683303,5990,2006,120852
7304512033,3300,2010,187429
7302576823,6990,2013,118950
7316315506,6400,2015,134000
7314900856,5490,2013,133000
7314466469,7490,2009,83000
7314463304,5700,2007,136000
7313456717,4450,2005,165141
7306273984,21500,2019,24000
7305868811,5490,2013,133000
7304900174,7490,2009,83000
7303819155,5400,2009,126757
7302758229,7400,2015,140580
7301717936,6995,2009,110000
7316811143,5995,2013,98651
7313561371,6495,2013,105794
7310062798,6495,2015,119621
7310060225,6495,2012,71500
7310056824,5995,2013,112100
7308360272,4500,2011,126229
7308321554,4800,2012,156919
7308295761,8200,2011,97487
7316431931,1500,2006,303100
7315868586,3999,2011,169000
7314946527,4499,2008,117000
7314869698,4000,2007,175000
7314495716,3300,2010,187429
7314454254,11000,2012,91294
7314450684,11500,2016,86771
7314357560,4995,2008,142365
7312797110,8870,2011,135275
7311507251,4995,2008,142365
7310172692,18600,2015,38000
7303193502,13000,2016,78141
7303115253,9500,2016,139236
7302689445,3495,2005,143105
7302646235,7999,2016,129910
7302631239,7999,2013,102507
7302611898,8000,2015,115802
7302360290,3500,2007,73876
7316189053,9000,2012,115000
7315307159,3500,2010,186550
7314883830,2999,2005,148000
7314512713,1500,2011,186455
7314498826,4700,2010,161210
7314122486,11375,2013,96539
7314088383,6995,2013,148421
7313489256,3500,2010,186550
7312301754,5200,2009,100115
7311461009,3500,2010,186550
7311059511,9470,2016,45059
7310150422,5200,2010,98650
7308896847,3500,2010,186550
7307507335,11995,2016,81712
7307465161,3500,2010,186550
7306427235,3500,2010,186550
7306424639,6965,2014,197252
7306224750,9470,2016,45059
7305073572,3500,2010,186550
7302896211,2250,2007,180000
7302831194,3500,2010,186550
7316688783,3000,2003,155000
7316260352,10995,2013,105300
7316254321,6990,2010,123703
7316252302,5990,2013,137951
7316249338,6990,2015,105137
7316246864,5990,2013,115910
7316223007,6990,2015,106470
7314495236,3300,2010,187429
7314342734,6990,2011,130318
7313930285,5990,2014,108682
7313928984,8990,2018,115711
7311703261,19495,2018,39593
7311627118,7990,2016,76812
7310367512,4499,2011,120400
7310094918,5500,2014,125608
7308511886,5499,2010,139806
7308283020,3490,2011,172157
7307259123,5990,2013,136475
7305963643,5990,2014,108682
7305856027,9995,2017,82420
7304758733,7790,2015,104220
7304255280,7995,2009,65722
7303062198,8600,2013,110600
7301808762,3100,2003,183818
7302218423,3000,2009,199000
7314496658,3300,2010,187429
7314366755,17999,2017,25970
7314366445,19798,2018,37199
7313459282,5700,2007,136000
7313048856,5490,2013,133000
7313020534,5400,2009,126757
7310465187,6400,2015,134000
7309351128,4450,2005,165141
7307443583,7490,2009,83000
7305884099,8500,2014,83181
7305742168,0,2019,30278
7305741682,15999,2018,14184
7303349653,5400,2009,126757
7302838218,0,2017,40551
7316420847,16500,2015,62200
7316069538,37500,2019,19000
7315648228,3500,1999,137000
7312649793,17999,2019,16343
7311153346,2000,2003,187169
7316480733,6200,2013,74169
7316427158,2000,2003,98406
7311947667,8900,2013,35000
7308389104,3900,2009,149400
7309035495,15000,2013,91000
7317067458,16299,2017,26380
7316882387,1450,2009,164875
7316814893,4700,2007,200093
7316702391,7995,2006,121888
7316602136,10900,2017,82024
7316585797,11999,2012,83000
7316540825,3490,2004,138000
7316402620,3699,2001,148725
7316355563,8995,2016,86639
7316310819,16900,2018,14000
7316263400,8500,2015,115000
7312635646,4200,2008,125000
7312170478,6000,2012,132500
7307255482,3900,2006,156126
7302144899,5500,2007,90000
7317021876,2400,2007,160000
7317004336,42900,2020,29850
7314160275,7500,2013,150597
7313898191,10995,2016,90460
7304938341,8999,2011,90188
7301753418,3850,2009,126687
7309181634,6800,2009,105382
7316533916,3500,2008,120754
7316165176,14500,2018,62686
7314919047,14500,2018,62686
7313809188,12995,2013,88014
7313537945,5750,2006,111585
7311519163,7943,2009,99500
7310817940,11987,2013,73377
7310605326,7800,2011,157900
7308018432,5750,2006,111585
7305866690,17695,2018,31888
7315838147,8000,2012,100633
7312551004,4200,2008,134000
7312492478,5900,2011,174900
7304440907,18000,2014,104000
7314695938,4595,2009,183323
7313806696,12995,2013,88014
7312574163,20000,2018,62400
7311514874,7943,2009,99500
7310820681,11987,2013,73377
7309626841,4995,2013,145770
7309625753,4595,2009,183323
7307151680,9900,2015,145841
7303225100,4995,2013,145770
7301685763,19995,2015,60000
7313855470,4800,2011,168000
7309659065,4500,2011,155000
7311014105,9995,2012,148592
7308812890,5975,2013,87501
7308386949,4475,2005,115098
7303242974,8450,2013,99450
7316532383,25500,2018,56500
7314737309,13440,2017,56006
7314641314,8200,2013,128000
7312932091,4899,2008,150560
7307358526,5300,2012,119000
7305867303,17695,2018,31888
7303899829,13440,2017,56006
7316367330,30000,2018,32475
7315593825,8000,2013,91500
7315074772,6900,2011,165572
7313480033,12000,2016,67053
7313477348,11000,2014,120759
7313391309,12000,2015,109090
7313082489,16995,2017,17625
7311929641,6900,2011,165572
7311340499,5400,2009,139689
7309606715,3000,2005,173000
7309242991,4950,2007,130889
7308579650,7500,2014,123480
7306155653,12000,2016,67053
7306154051,11000,2014,120759
7305867002,17695,2018,31888
7305598020,9499,2013,121000
7302099169,12000,2016,67053
7301851885,8500,2013,49589
7316782793,20699,2018,74046
7316621712,10500,2016,4750
7316370757,30000,2018,32475
7316320617,7495,2008,118000
7315559246,7800,2012,139000
7315473686,7995,2017,31691
7313861532,4800,2011,168000
7313493494,9995,2017,80762
7312464533,189,2021,15
7312464283,199,2021,18
7312464037,169,2020,16
7312463808,149,2021,15
7312463571,159,2021,14
7312463281,0,2020,10
7311561620,8700,2017,44535
7311025619,9995,2012,148512
7310361960,12495,2017,53588
7309242616,4950,2007,130889
7309168410,4995,2009,93476
7309167439,12995,2014,47605
7308812295,5975,2013,87501
7308395608,4475,2005,115098
7307691212,8000,2012,132000
7307270697,1750,2004,128000
7310326762,750,2009,126000
7301864274,6500,2016,122300
7302730739,4400,2009,152000
7316340872,2500,2007,104200
7312825333,7995,2011,170000
7312724489,7995,2011,150000
7305866227,17695,2018,31888
7305209677,6200,2016,92000
7316873701,11999,2015,93752
7307387666,11999,2014,122216
7306692948,7999,2013,110090
7306690733,10999,2014,129170
